ID,Type,SKU,Name,Published,Is featured?,Visibility in catalog,Short description,Description,Date sale price starts,Date sale price ends,Tax status,Tax class,In stock?,Stock,Low stock amount,Backorders allowed?,Sold individually?,Weight (kg),Length (cm),Width (cm),Height (cm),Allow customer reviews?,Purchase note,Sale price,Regular price,Categories,Tags,Shipping class,Images,Download limit,Download expiry days,Parent,Grouped products,Upsells,Cross-sells,External URL,Button text,Position,Attribute 1 name,Attribute 1 value(s),Attribute 1 visible,Attribute 1 global,Attribute 1 default,Attribute 2 name,Attribute 2 value(s),Attribute 2 visible,Attribute 2 global,Attribute 2 default,Attribute 3 name,Attribute 3 value(s),Attribute 3 visible,Attribute 3 global,Attribute 3 default,Meta: hwp_product_gtin
,variable,8965801378011,Brown Caffeine V Neck Short Sleeve T-Shirt,1,0,visible,,"Ideal for everyday adventures. The basic Brown Caffeine V Neck Short Sleeve T-Shirt has a regular length, short sleeves, and a V-neck. Invest! in the coolest piece!",,,taxable,,1,,,0,0,,,,,1,,,,Uncategorized,,,"https://cdn.shopify.com/s/files/1/0726/8083/3243/files/02083015_2345_1-T-SHIRT-BASICA-DECOTE-V.png?v=1755136707,https://cdn.shopify.com/s/files/1/0726/8083/3243/files/02083015_2345_2-T-SHIRT-BASICA-DECOTE-V.png?v=1755136707,https://cdn.shopify.com/s/files/1/0726/8083/3243/files/02083015_2345_3-T-SHIRT-BASICA-DECOTE-V.png?v=1755136707,https://cdn.shopify.com/s/files/1/0726/8083/3243/files/02083015_2345_4-T-SHIRT-BASICA-DECOTE-V.png?v=1755136707,https://cdn.shopify.com/s/files/1/0726/8083/3243/files/02083015_2345_5-T-SHIRT-BASICA-DECOTE-V.png?v=1755136707,https://cdn.shopify.com/s/files/1/0726/8083/3243/files/02083015_2345_6-T-SHIRT-BASICA-DECOTE-V.png?v=1755136707,https://cdn.shopify.com/s/files/1/0726/8083/3243/files/02083015_2345_9-T-SHIRT-BASICA-DECOTE-V.png?v=1755136707",,,,,,,,,0,Cores,Caffeine Brown,0,1,Caffeine Brown,Tamanhos,"XS,S,M,L,XL",0,1,XS,,,,,,
,variation,8965801378011-1,Brown Caffeine V Neck Short Sleeve T-Shirt,1,0,visible,,,,,taxable,parent,1,,,,0,,,,,0,,,24,,,,,,,8965801378011,,,,,,1,Cores,Caffeine Brown,,1,,Tamanhos,XS,,1,,,,,,,
,variation,8965801378011-2,Brown Caffeine V Neck Short Sleeve T-Shirt,1,0,visible,,,,,taxable,parent,1,,,,0,,,,,0,,,24,,,,,,,8965801378011,,,,,,2,Cores,Caffeine Brown,,1,,Tamanhos,S,,1,,,,,,,
,variation,8965801378011-3,Brown Caffeine V Neck Short Sleeve T-Shirt,1,0,visible,,,,,taxable,parent,1,,,,0,,,,,0,,,24,,,,,,,8965801378011,,,,,,3,Cores,Caffeine Brown,,1,,Tamanhos,M,,1,,,,,,,
,variation,8965801378011-4,Brown Caffeine V Neck Short Sleeve T-Shirt,1,0,visible,,,,,taxable,parent,1,,,,0,,,,,0,,,24,,,,,,,8965801378011,,,,,,4,Cores,Caffeine Brown,,1,,Tamanhos,L,,1,,,,,,,
,variation,8965801378011-5,Brown Caffeine V Neck Short Sleeve T-Shirt,1,0,visible,,,,,taxable,parent,1,,,,0,,,,,0,,,24,,,,,,,8965801378011,,,,,,5,Cores,Caffeine Brown,,1,,Tamanhos,XL,,1,,,,,,,
,variable,8965800722651,Black And White Crew Neck Smocked Hem T-Shirt,1,0,visible,,"""Beautiful, lightweight, and super comfortable. The Black And White Crew Neck Smocked Hem T-Shirt with gathered fabric is made of 100% cotton, featuring short sleeves, color-blocked trim, a round neck, elastic hem, and a loose fit. Caring for 100% cotton pieces is essential to maintaining their quality and beauty. Here are some simple tips: - GENTLE WASHING: wash your clothes on a gentle cycle, with cold or warm water, to prevent shrinkage and preserve colors. - NATURAL DRYING: avoid the dryer by hanging clothes outside or on a clothesline to dry naturally. - AVOID BLEACHES: harsh products can weaken fibers and fade colors. Use mild detergents. - PROPER STORAGE: store clothes in well-ventilated areas, away from direct sunlight, and hang them flat to prevent wrinkles. Choosing 100% cotton styles means opting for comfort, durability, and sustainability. With proper care, your pieces will remain beautiful and comfortable for many years to come.""",,,taxable,,1,,,0,0,,,,,1,,,,Uncategorized,,,"https://cdn.shopify.com/s/files/1/0726/8083/3243/files/02082992_468_1-T-SHIRT-COM-TECIDO-FRANZIDO.png?v=1755136618,https://cdn.shopify.com/s/files/1/0726/8083/3243/files/02082992_468_2-T-SHIRT-COM-TECIDO-FRANZIDO.png?v=1755136617,https://cdn.shopify.com/s/files/1/0726/8083/3243/files/02082992_468_3-T-SHIRT-COM-TECIDO-FRANZIDO.png?v=1755136617,https://cdn.shopify.com/s/files/1/0726/8083/3243/files/02082992_468_4-T-SHIRT-COM-TECIDO-FRANZIDO.png?v=1755136618,https://cdn.shopify.com/s/files/1/0726/8083/3243/files/02082992_468_5-T-SHIRT-COM-TECIDO-FRANZIDO.png?v=1755136617,https://cdn.shopify.com/s/files/1/0726/8083/3243/files/02082992_468_6-T-SHIRT-COM-TECIDO-FRANZIDO.png?v=1755136617",,,,,,,,,0,Cores,Black And White,0,1,Black And White,Tamanhos,"XS,S,M,L,XL",0,1,XS,,,,,,
,variation,8965800722651-1,Black And White Crew Neck Smocked Hem T-Shirt,1,0,visible,,,,,taxable,parent,1,,,,0,,,,,0,,,34,,,,,,,8965800722651,,,,,,1,Cores,Black And White,,1,,Tamanhos,XS,,1,,,,,,,
,variation,8965800722651-2,Black And White Crew Neck Smocked Hem T-Shirt,1,0,visible,,,,,taxable,parent,1,,,,0,,,,,0,,,34,,,,,,,8965800722651,,,,,,2,Cores,Black And White,,1,,Tamanhos,S,,1,,,,,,,
,variation,8965800722651-3,Black And White Crew Neck Smocked Hem T-Shirt,1,0,visible,,,,,taxable,parent,1,,,,0,,,,,0,,,34,,,,,,,8965800722651,,,,,,3,Cores,Black And White,,1,,Tamanhos,M,,1,,,,,,,
,variation,8965800722651-4,Black And White Crew Neck Smocked Hem T-Shirt,1,0,visible,,,,,taxable,parent,1,,,,0,,,,,0,,,34,,,,,,,8965800722651,,,,,,4,Cores,Black And White,,1,,Tamanhos,L,,1,,,,,,,
,variation,8965800722651-5,Black And White Crew Neck Smocked Hem T-Shirt,1,0,visible,,,,,taxable,parent,1,,,,0,,,,,0,,,34,,,,,,,8965800722651,,,,,,5,Cores,Black And White,,1,,Tamanhos,XL,,1,,,,,,,
,variable,8965801017563,Black Crew Neck Ribbed Sleeveless T-Shirt,1,0,visible,,"""The Black Crew Neck Ribbed Sleeveless T-Shirt is perfect for creating a variety of outfits. It features a cropped length, a crew neck, a yoke, and is sustainably produced. Caring for 100% cotton pieces is essential to maintaining their quality and beauty. Here are some simple tips: - GENTLE WASHING: wash your clothes on a gentle cycle, with cold or warm water, to prevent shrinkage and preserve colors. - NATURAL DRYING: avoid the dryer by hanging clothes outside or on a clothesline to dry naturally. - AVOID BLEACHES: harsh products can weaken fibers and fade colors. Use mild detergents. - PROPER STORAGE: store clothes in well-ventilated areas, away from direct sunlight, and hang them flat to prevent wrinkles. Choosing 100% cotton styles means opting for comfort, durability, and sustainability. With proper care, your pieces will remain beautiful and comfortable for many years to come.""",,,taxable,,1,,,0,0,,,,,1,,,,Uncategorized,,,"https://cdn.shopify.com/s/files/1/0726/8083/3243/files/02082995_468_1-BLUSA-MALHA-COM-RIB.png?v=1755136646,https://cdn.shopify.com/s/files/1/0726/8083/3243/files/02082995_468_2-BLUSA-MALHA-COM-RIB.png?v=1755136646,https://cdn.shopify.com/s/files/1/0726/8083/3243/files/02082995_468_3-BLUSA-MALHA-COM-RIB.png?v=1755136646,https://cdn.shopify.com/s/files/1/0726/8083/3243/files/02082995_468_4-BLUSA-MALHA-COM-RIB.png?v=1755136646,https://cdn.shopify.com/s/files/1/0726/8083/3243/files/02082995_468_5-BLUSA-MALHA-COM-RIB.png?v=1755136646,https://cdn.shopify.com/s/files/1/0726/8083/3243/files/02082995_468_6-BLUSA-MALHA-COM-RIB.png?v=1755136646,https://cdn.shopify.com/s/files/1/0726/8083/3243/files/02082995_468_7-BLUSA-MALHA-COM-RIB.png?v=1755136647",,,,,,,,,0,Cores,Black,0,1,Black,Tamanhos,"XS,S,M,L,XL",0,1,XS,,,,,,
,variation,8965801017563-1,Black Crew Neck Ribbed Sleeveless T-Shirt,1,0,visible,,,,,taxable,parent,1,,,,0,,,,,0,,,29,,,,,,,8965801017563,,,,,,1,Cores,Black,,1,,Tamanhos,XS,,1,,,,,,,
,variation,8965801017563-2,Black Crew Neck Ribbed Sleeveless T-Shirt,1,0,visible,,,,,taxable,parent,1,,,,0,,,,,0,,,29,,,,,,,8965801017563,,,,,,2,Cores,Black,,1,,Tamanhos,S,,1,,,,,,,
,variation,8965801017563-3,Black Crew Neck Ribbed Sleeveless T-Shirt,1,0,visible,,,,,taxable,parent,1,,,,0,,,,,0,,,29,,,,,,,8965801017563,,,,,,3,Cores,Black,,1,,Tamanhos,M,,1,,,,,,,
,variation,8965801017563-4,Black Crew Neck Ribbed Sleeveless T-Shirt,1,0,visible,,,,,taxable,parent,1,,,,0,,,,,0,,,29,,,,,,,8965801017563,,,,,,4,Cores,Black,,1,,Tamanhos,L,,1,,,,,,,
,variation,8965801017563-5,Black Crew Neck Ribbed Sleeveless T-Shirt,1,0,visible,,,,,taxable,parent,1,,,,0,,,,,0,,,29,,,,,,,8965801017563,,,,,,5,Cores,Black,,1,,Tamanhos,XL,,1,,,,,,,
,variable,8965800722651,Black And White Crew Neck Smocked Hem T-Shirt,1,0,visible,,"""Beautiful, lightweight, and super comfortable. The Black And White Crew Neck Smocked Hem T-Shirt with gathered fabric is made of 100% cotton, featuring short sleeves, color-blocked trim, a round neck, elastic hem, and a loose fit. Caring for 100% cotton pieces is essential to maintaining their quality and beauty. Here are some simple tips: - GENTLE WASHING: wash your clothes on a gentle cycle, with cold or warm water, to prevent shrinkage and preserve colors. - NATURAL DRYING: avoid the dryer by hanging clothes outside or on a clothesline to dry naturally. - AVOID BLEACHES: harsh products can weaken fibers and fade colors. Use mild detergents. - PROPER STORAGE: store clothes in well-ventilated areas, away from direct sunlight, and hang them flat to prevent wrinkles. Choosing 100% cotton styles means opting for comfort, durability, and sustainability. With proper care, your pieces will remain beautiful and comfortable for many years to come.""",,,taxable,,1,,,0,0,,,,,1,,,,Uncategorized,,,"https://cdn.shopify.com/s/files/1/0726/8083/3243/files/02082992_468_1-T-SHIRT-COM-TECIDO-FRANZIDO.png?v=1755136618,https://cdn.shopify.com/s/files/1/0726/8083/3243/files/02082992_468_2-T-SHIRT-COM-TECIDO-FRANZIDO.png?v=1755136617,https://cdn.shopify.com/s/files/1/0726/8083/3243/files/02082992_468_3-T-SHIRT-COM-TECIDO-FRANZIDO.png?v=1755136617,https://cdn.shopify.com/s/files/1/0726/8083/3243/files/02082992_468_4-T-SHIRT-COM-TECIDO-FRANZIDO.png?v=1755136618,https://cdn.shopify.com/s/files/1/0726/8083/3243/files/02082992_468_5-T-SHIRT-COM-TECIDO-FRANZIDO.png?v=1755136617,https://cdn.shopify.com/s/files/1/0726/8083/3243/files/02082992_468_6-T-SHIRT-COM-TECIDO-FRANZIDO.png?v=1755136617",,,,,,,,,0,Cores,Black And White,0,1,Black And White,Tamanhos,"XS,S,M,L,XL",0,1,XS,,,,,,
,variation,8965800722651-1,Black And White Crew Neck Smocked Hem T-Shirt,1,0,visible,,,,,taxable,parent,1,,,,0,,,,,0,,,34,,,,,,,8965800722651,,,,,,1,Cores,Black And White,,1,,Tamanhos,XS,,1,,,,,,,
,variation,8965800722651-2,Black And White Crew Neck Smocked Hem T-Shirt,1,0,visible,,,,,taxable,parent,1,,,,0,,,,,0,,,34,,,,,,,8965800722651,,,,,,2,Cores,Black And White,,1,,Tamanhos,S,,1,,,,,,,
,variation,8965800722651-3,Black And White Crew Neck Smocked Hem T-Shirt,1,0,visible,,,,,taxable,parent,1,,,,0,,,,,0,,,34,,,,,,,8965800722651,,,,,,3,Cores,Black And White,,1,,Tamanhos,M,,1,,,,,,,
,variation,8965800722651-4,Black And White Crew Neck Smocked Hem T-Shirt,1,0,visible,,,,,taxable,parent,1,,,,0,,,,,0,,,34,,,,,,,8965800722651,,,,,,4,Cores,Black And White,,1,,Tamanhos,L,,1,,,,,,,
,variation,8965800722651-5,Black And White Crew Neck Smocked Hem T-Shirt,1,0,visible,,,,,taxable,parent,1,,,,0,,,,,0,,,34,,,,,,,8965800722651,,,,,,5,Cores,Black And White,,1,,Tamanhos,XL,,1,,,,,,,
,variable,8965800689883,Beige And White Crew Neck Smocked Hem T-Shirt,1,0,visible,,"""Beautiful, lightweight, and super comfortable. The Beige And White Crew Neck Smocked Hem T-Shirt with gathered fabric is made of 100% cotton, featuring short sleeves, color-blocked trim, a round neck, elastic hem, and a loose fit. Caring for 100% cotton pieces is essential to maintaining their quality and beauty. Here are some simple tips: - GENTLE WASHING: wash your clothes on a gentle cycle, with cold or warm water, to prevent shrinkage and preserve colors. - NATURAL DRYING: avoid the dryer by hanging clothes outside or on a clothesline to dry naturally. - AVOID BLEACHES: harsh products can weaken fibers and fade colors. Use mild detergents. - PROPER STORAGE: store clothes in well-ventilated areas, away from direct sunlight, and hang them flat to prevent wrinkles. Choosing 100% cotton styles means opting for comfort, durability, and sustainability. With proper care, your pieces will remain beautiful and comfortable for many years to come.""",,,taxable,,1,,,0,0,,,,,1,,,,Uncategorized,,,"https://cdn.shopify.com/s/files/1/0726/8083/3243/files/02082992_2333_1-T-SHIRT-COM-TECIDO-FRANZIDO.png?v=1755136612,https://cdn.shopify.com/s/files/1/0726/8083/3243/files/02082992_2333_2-T-SHIRT-COM-TECIDO-FRANZIDO.png?v=1755136612,https://cdn.shopify.com/s/files/1/0726/8083/3243/files/02082992_2333_3-T-SHIRT-COM-TECIDO-FRANZIDO.png?v=1755136612,https://cdn.shopify.com/s/files/1/0726/8083/3243/files/02082992_2333_4-T-SHIRT-COM-TECIDO-FRANZIDO.png?v=1755136612,https://cdn.shopify.com/s/files/1/0726/8083/3243/files/02082992_2333_5-T-SHIRT-COM-TECIDO-FRANZIDO.png?v=1755136612,https://cdn.shopify.com/s/files/1/0726/8083/3243/files/02082992_2333_6-T-SHIRT-COM-TECIDO-FRANZIDO.png?v=1755136612,https://cdn.shopify.com/s/files/1/0726/8083/3243/files/02082992_2333_7-T-SHIRT-COM-TECIDO-FRANZIDO.png?v=1755136613",,,,,,,,,0,Cores,Leme Beige,0,1,Leme Beige,Tamanhos,"XS,S,M,L,XL",0,1,XS,,,,,,
,variation,8965800689883-1,Beige And White Crew Neck Smocked Hem T-Shirt,1,0,visible,,,,,taxable,parent,1,,,,0,,,,,0,,,34,,,,,,,8965800689883,,,,,,1,Cores,Leme Beige,,1,,Tamanhos,XS,,1,,,,,,,
,variation,8965800689883-2,Beige And White Crew Neck Smocked Hem T-Shirt,1,0,visible,,,,,taxable,parent,1,,,,0,,,,,0,,,34,,,,,,,8965800689883,,,,,,2,Cores,Leme Beige,,1,,Tamanhos,S,,1,,,,,,,
,variation,8965800689883-3,Beige And White Crew Neck Smocked Hem T-Shirt,1,0,visible,,,,,taxable,parent,1,,,,0,,,,,0,,,34,,,,,,,8965800689883,,,,,,3,Cores,Leme Beige,,1,,Tamanhos,M,,1,,,,,,,
,variation,8965800689883-4,Beige And White Crew Neck Smocked Hem T-Shirt,1,0,visible,,,,,taxable,parent,1,,,,0,,,,,0,,,34,,,,,,,8965800689883,,,,,,4,Cores,Leme Beige,,1,,Tamanhos,L,,1,,,,,,,
,variation,8965800689883-5,Beige And White Crew Neck Smocked Hem T-Shirt,1,0,visible,,,,,taxable,parent,1,,,,0,,,,,0,,,34,,,,,,,8965800689883,,,,,,5,Cores,Leme Beige,,1,,Tamanhos,XL,,1,,,,,,,
,variable,8965801050331,Beige Leme High Neck Pleat Sleeveless Crop T-Shirt,1,0,visible,,"""The best bet for any solar season. Our Beige Leme High Neck Pleat Sleeveless Crop T-Shirt features a high collar, dropped shoulders with pleats, a loose fit, a cropped length, and 100% cotton design, making it lightweight, durable, and soft to the touch. Caring for 100% cotton pieces is essential to maintaining their quality and beauty. Here are some simple tips: - GENTLE WASHING: wash your clothes on a gentle cycle, with cold or warm water, to prevent shrinkage and preserve colors. - NATURAL DRYING: avoid the dryer by hanging clothes outside or on a clothesline to dry naturally. - AVOID BLEACHES: harsh products can weaken fibers and fade colors. Use mild detergents. - PROPER STORAGE: store clothes in well-ventilated areas, away from direct sunlight, and hang them flat to prevent wrinkles. Choosing 100% cotton styles means opting for comfort, durability, and sustainability. With proper care, your pieces will remain beautiful and comfortable for many years to come.""",,,taxable,,1,,,0,0,,,,,1,,,,Uncategorized,,,"https://cdn.shopify.com/s/files/1/0726/8083/3243/files/02082996_2333_1-BLUSA-PREGA-OMBROS.png?v=1755136652,https://cdn.shopify.com/s/files/1/0726/8083/3243/files/02082996_2333_2-BLUSA-PREGA-OMBROS.png?v=1755136651,https://cdn.shopify.com/s/files/1/0726/8083/3243/files/02082996_2333_3-BLUSA-PREGA-OMBROS.png?v=1755136652,https://cdn.shopify.com/s/files/1/0726/8083/3243/files/02082996_2333_4-BLUSA-PREGA-OMBROS.png?v=1755136652,https://cdn.shopify.com/s/files/1/0726/8083/3243/files/02082996_2333_5-BLUSA-PREGA-OMBROS.png?v=1755136651,https://cdn.shopify.com/s/files/1/0726/8083/3243/files/02082996_2333_9-BLUSA-PREGA-OMBROS.png?v=1755136651,https://cdn.shopify.com/s/files/1/0726/8083/3243/files/02082996_2333_10-BLUSA-PREGA-OMBROS.png?v=1755136652",,,,,,,,,0,Cores,Beige Leme,0,1,Beige Leme,Tamanhos,"XS,S,M,L,XL",0,1,XS,,,,,,
,variation,8965801050331-1,Beige Leme High Neck Pleat Sleeveless Crop T-Shirt,1,0,visible,,,,,taxable,parent,1,,,,0,,,,,0,,,39,,,,,,,8965801050331,,,,,,1,Cores,Beige Leme,,1,,Tamanhos,XS,,1,,,,,,,
,variation,8965801050331-2,Beige Leme High Neck Pleat Sleeveless Crop T-Shirt,1,0,visible,,,,,taxable,parent,1,,,,0,,,,,0,,,39,,,,,,,8965801050331,,,,,,2,Cores,Beige Leme,,1,,Tamanhos,S,,1,,,,,,,
,variation,8965801050331-3,Beige Leme High Neck Pleat Sleeveless Crop T-Shirt,1,0,visible,,,,,taxable,parent,1,,,,0,,,,,0,,,39,,,,,,,8965801050331,,,,,,3,Cores,Beige Leme,,1,,Tamanhos,M,,1,,,,,,,
,variation,8965801050331-4,Beige Leme High Neck Pleat Sleeveless Crop T-Shirt,1,0,visible,,,,,taxable,parent,1,,,,0,,,,,0,,,39,,,,,,,8965801050331,,,,,,4,Cores,Beige Leme,,1,,Tamanhos,L,,1,,,,,,,
,variation,8965801050331-5,Beige Leme High Neck Pleat Sleeveless Crop T-Shirt,1,0,visible,,,,,taxable,parent,1,,,,0,,,,,0,,,39,,,,,,,8965801050331,,,,,,5,Cores,Beige Leme,,1,,Tamanhos,XL,,1,,,,,,,
,variable,8965801607387,Black And Off-White Crew Neck Short Sleeve Peplum T-Shirt,1,0,visible,,"""The Black And Off-White Crew Neck Short Sleeve Peplum T-Shirt is a modern piece that's super cool and durable thanks to its 100% cotton design. It features an elongated length, short sleeves, color-blocked trim, and an adjustable back for a personalized fit. Caring for 100% cotton pieces is essential to maintaining their quality and beauty. Here are some simple tips: - GENTLE WASHING: wash your clothes on a gentle cycle, with cold or warm water, to prevent shrinkage and preserve colors. - NATURAL DRYING: avoid the dryer by hanging clothes outside or on a clothesline to dry naturally. - AVOID BLEACHES: harsh products can weaken fibers and fade colors. Use mild detergents. - PROPER STORAGE: store clothes in well-ventilated areas, away from direct sunlight, and hang them flat to prevent wrinkles. Choosing 100% cotton styles means opting for comfort, durability, and sustainability. With proper care, your pieces will remain beautiful and comfortable for many years to come.""",,,taxable,,1,,,0,0,,,,,1,,,,Uncategorized,,,"https://cdn.shopify.com/s/files/1/0726/8083/3243/files/02083018_468_1-T-SHIRT-BATA-MALHA-COM-TECIDO.png?v=1755136733,https://cdn.shopify.com/s/files/1/0726/8083/3243/files/02083018_468_2-T-SHIRT-BATA-MALHA-COM-TECIDO.png?v=1755136732,https://cdn.shopify.com/s/files/1/0726/8083/3243/files/02083018_468_3-T-SHIRT-BATA-MALHA-COM-TECIDO.png?v=1755136732,https://cdn.shopify.com/s/files/1/0726/8083/3243/files/02083018_468_4-T-SHIRT-BATA-MALHA-COM-TECIDO.png?v=1755136733,https://cdn.shopify.com/s/files/1/0726/8083/3243/files/02083018_468_5-T-SHIRT-BATA-MALHA-COM-TECIDO.png?v=1755136732,https://cdn.shopify.com/s/files/1/0726/8083/3243/files/02083018_468_6-T-SHIRT-BATA-MALHA-COM-TECIDO.png?v=1755136733",,,,,,,,,0,Cores,Black And Off-white,0,1,Black And Off-white,Tamanhos,"XS,S,M,L,XL",0,1,XS,,,,,,
,variation,8965801607387-1,Black And Off-White Crew Neck Short Sleeve Peplum T-Shirt,1,0,visible,,,,,taxable,parent,1,,,,0,,,,,0,,,39,,,,,,,8965801607387,,,,,,1,Cores,Black And Off-white,,1,,Tamanhos,XS,,1,,,,,,,
,variation,8965801607387-2,Black And Off-White Crew Neck Short Sleeve Peplum T-Shirt,1,0,visible,,,,,taxable,parent,1,,,,0,,,,,0,,,39,,,,,,,8965801607387,,,,,,2,Cores,Black And Off-white,,1,,Tamanhos,S,,1,,,,,,,
,variation,8965801607387-3,Black And Off-White Crew Neck Short Sleeve Peplum T-Shirt,1,0,visible,,,,,taxable,parent,1,,,,0,,,,,0,,,39,,,,,,,8965801607387,,,,,,3,Cores,Black And Off-white,,1,,Tamanhos,M,,1,,,,,,,
,variation,8965801607387-4,Black And Off-White Crew Neck Short Sleeve Peplum T-Shirt,1,0,visible,,,,,taxable,parent,1,,,,0,,,,,0,,,39,,,,,,,8965801607387,,,,,,4,Cores,Black And Off-white,,1,,Tamanhos,L,,1,,,,,,,
,variation,8965801607387-5,Black And Off-White Crew Neck Short Sleeve Peplum T-Shirt,1,0,visible,,,,,taxable,parent,1,,,,0,,,,,0,,,39,,,,,,,8965801607387,,,,,,5,Cores,Black And Off-white,,1,,Tamanhos,XL,,1,,,,,,,
,variable,8965801574619,Black Crew Neck Ruched Sleeve T-Shirt,1,0,visible,,"""That basic piece that's amazing for putting together a wide variety of looks. The Black Crew Neck Ruched Sleeve T-Shirt with unique sleeves features a regular length, a crew neck, and a loose fit. Invest in a product made sustainably and environmentally friendly! Caring for 100% cotton pieces is essential to maintaining their quality and beauty. Here are some simple tips: - GENTLE WASHING: wash your clothes on a gentle cycle, with cold or warm water, to prevent shrinkage and preserve colors. - NATURAL DRYING: avoid the dryer by hanging clothes outside or on a clothesline to dry naturally. - AVOID BLEACHES: harsh products can weaken fibers and fade colors. Use mild detergents. - PROPER STORAGE: store clothes in well-ventilated areas, away from direct sunlight, and hang them flat to prevent wrinkles. Choosing 100% cotton styles means opting for comfort, durability, and sustainability. With proper care, your pieces will remain beautiful and comfortable for many years to come.""",,,taxable,,1,,,0,0,,,,,1,,,,Uncategorized,,,"https://cdn.shopify.com/s/files/1/0726/8083/3243/files/02083017_468_1-BLUSA-T-SHIRT-MANGA-FRANZIDA.png?v=1755136728,https://cdn.shopify.com/s/files/1/0726/8083/3243/files/02083017_468_2-BLUSA-T-SHIRT-MANGA-FRANZIDA.png?v=1755136728,https://cdn.shopify.com/s/files/1/0726/8083/3243/files/02083017_468_3-BLUSA-T-SHIRT-MANGA-FRANZIDA.png?v=1755136728,https://cdn.shopify.com/s/files/1/0726/8083/3243/files/02083017_468_4-BLUSA-T-SHIRT-MANGA-FRANZIDA.png?v=1755136728,https://cdn.shopify.com/s/files/1/0726/8083/3243/files/02083017_468_5-BLUSA-T-SHIRT-MANGA-FRANZIDA.png?v=1755136728,https://cdn.shopify.com/s/files/1/0726/8083/3243/files/02083017_468_6-BLUSA-T-SHIRT-MANGA-FRANZIDA.png?v=1755136728,https://cdn.shopify.com/s/files/1/0726/8083/3243/files/02083017_468_7-BLUSA-T-SHIRT-MANGA-FRANZIDA.png?v=1755136728",,,,,,,,,0,Cores,Black,0,1,Black,Tamanhos,"XS,S,M,L,XL",0,1,XS,,,,,,
,variation,8965801574619-1,Black Crew Neck Ruched Sleeve T-Shirt,1,0,visible,,,,,taxable,parent,1,,,,0,,,,,0,,,29,,,,,,,8965801574619,,,,,,1,Cores,Black,,1,,Tamanhos,XS,,1,,,,,,,
,variation,8965801574619-2,Black Crew Neck Ruched Sleeve T-Shirt,1,0,visible,,,,,taxable,parent,1,,,,0,,,,,0,,,29,,,,,,,8965801574619,,,,,,2,Cores,Black,,1,,Tamanhos,S,,1,,,,,,,
,variation,8965801574619-3,Black Crew Neck Ruched Sleeve T-Shirt,1,0,visible,,,,,taxable,parent,1,,,,0,,,,,0,,,29,,,,,,,8965801574619,,,,,,3,Cores,Black,,1,,Tamanhos,M,,1,,,,,,,
,variation,8965801574619-4,Black Crew Neck Ruched Sleeve T-Shirt,1,0,visible,,,,,taxable,parent,1,,,,0,,,,,0,,,29,,,,,,,8965801574619,,,,,,4,Cores,Black,,1,,Tamanhos,L,,1,,,,,,,
,variation,8965801574619-5,Black Crew Neck Ruched Sleeve T-Shirt,1,0,visible,,,,,taxable,parent,1,,,,0,,,,,0,,,29,,,,,,,8965801574619,,,,,,5,Cores,Black,,1,,Tamanhos,XL,,1,,,,,,,
,variable,8965801345243,Orange Samba V Neck Short Sleeve T-Shirt,1,0,visible,,"Ideal for everyday adventures. The basic Orange Samba V Neck Short Sleeve T-Shirt has a regular length, short sleeves, and a V-neck. Invest! in the coolest piece!",,,taxable,,1,,,0,0,,,,,1,,,,Uncategorized,,,"https://cdn.shopify.com/s/files/1/0726/8083/3243/files/02083015_2335_1-T-SHIRT-BASICA-DECOTE-V.png?v=1755136701,https://cdn.shopify.com/s/files/1/0726/8083/3243/files/02083015_2335_2-T-SHIRT-BASICA-DECOTE-V.png?v=1755136701,https://cdn.shopify.com/s/files/1/0726/8083/3243/files/02083015_2335_3-T-SHIRT-BASICA-DECOTE-V.png?v=1755136701,https://cdn.shopify.com/s/files/1/0726/8083/3243/files/02083015_2335_4-T-SHIRT-BASICA-DECOTE-V.png?v=1755136701,https://cdn.shopify.com/s/files/1/0726/8083/3243/files/02083015_2335_5-T-SHIRT-BASICA-DECOTE-V.png?v=1755136701",,,,,,,,,0,Cores,Samba Orange,0,1,Samba Orange,Tamanhos,"XS,S,M,L,XL",0,1,XS,,,,,,
,variation,8965801345243-1,Orange Samba V Neck Short Sleeve T-Shirt,1,0,visible,,,,,taxable,parent,1,,,,0,,,,,0,,,24,,,,,,,8965801345243,,,,,,1,Cores,Samba Orange,,1,,Tamanhos,XS,,1,,,,,,,
,variation,8965801345243-2,Orange Samba V Neck Short Sleeve T-Shirt,1,0,visible,,,,,taxable,parent,1,,,,0,,,,,0,,,24,,,,,,,8965801345243,,,,,,2,Cores,Samba Orange,,1,,Tamanhos,S,,1,,,,,,,
,variation,8965801345243-3,Orange Samba V Neck Short Sleeve T-Shirt,1,0,visible,,,,,taxable,parent,1,,,,0,,,,,0,,,24,,,,,,,8965801345243,,,,,,3,Cores,Samba Orange,,1,,Tamanhos,M,,1,,,,,,,
,variation,8965801345243-4,Orange Samba V Neck Short Sleeve T-Shirt,1,0,visible,,,,,taxable,parent,1,,,,0,,,,,0,,,24,,,,,,,8965801345243,,,,,,4,Cores,Samba Orange,,1,,Tamanhos,L,,1,,,,,,,
,variation,8965801345243-5,Orange Samba V Neck Short Sleeve T-Shirt,1,0,visible,,,,,taxable,parent,1,,,,0,,,,,0,,,24,,,,,,,8965801345243,,,,,,5,Cores,Samba Orange,,1,,Tamanhos,XL,,1,,,,,,,
,variable,8965801378011,Brown Caffeine V Neck Short Sleeve T-Shirt,1,0,visible,,"Ideal for everyday adventures. The basic Brown Caffeine V Neck Short Sleeve T-Shirt has a regular length, short sleeves, and a V-neck. Invest! in the coolest piece!",,,taxable,,1,,,0,0,,,,,1,,,,Uncategorized,,,"https://cdn.shopify.com/s/files/1/0726/8083/3243/files/02083015_2345_1-T-SHIRT-BASICA-DECOTE-V.png?v=1755136707,https://cdn.shopify.com/s/files/1/0726/8083/3243/files/02083015_2345_2-T-SHIRT-BASICA-DECOTE-V.png?v=1755136707,https://cdn.shopify.com/s/files/1/0726/8083/3243/files/02083015_2345_3-T-SHIRT-BASICA-DECOTE-V.png?v=1755136707,https://cdn.shopify.com/s/files/1/0726/8083/3243/files/02083015_2345_4-T-SHIRT-BASICA-DECOTE-V.png?v=1755136707,https://cdn.shopify.com/s/files/1/0726/8083/3243/files/02083015_2345_5-T-SHIRT-BASICA-DECOTE-V.png?v=1755136707,https://cdn.shopify.com/s/files/1/0726/8083/3243/files/02083015_2345_6-T-SHIRT-BASICA-DECOTE-V.png?v=1755136707,https://cdn.shopify.com/s/files/1/0726/8083/3243/files/02083015_2345_9-T-SHIRT-BASICA-DECOTE-V.png?v=1755136707",,,,,,,,,0,Cores,Caffeine Brown,0,1,Caffeine Brown,Tamanhos,"XS,S,M,L,XL",0,1,XS,,,,,,
,variation,8965801378011-1,Brown Caffeine V Neck Short Sleeve T-Shirt,1,0,visible,,,,,taxable,parent,1,,,,0,,,,,0,,,24,,,,,,,8965801378011,,,,,,1,Cores,Caffeine Brown,,1,,Tamanhos,XS,,1,,,,,,,
,variation,8965801378011-2,Brown Caffeine V Neck Short Sleeve T-Shirt,1,0,visible,,,,,taxable,parent,1,,,,0,,,,,0,,,24,,,,,,,8965801378011,,,,,,2,Cores,Caffeine Brown,,1,,Tamanhos,S,,1,,,,,,,
,variation,8965801378011-3,Brown Caffeine V Neck Short Sleeve T-Shirt,1,0,visible,,,,,taxable,parent,1,,,,0,,,,,0,,,24,,,,,,,8965801378011,,,,,,3,Cores,Caffeine Brown,,1,,Tamanhos,M,,1,,,,,,,
,variation,8965801378011-4,Brown Caffeine V Neck Short Sleeve T-Shirt,1,0,visible,,,,,taxable,parent,1,,,,0,,,,,0,,,24,,,,,,,8965801378011,,,,,,4,Cores,Caffeine Brown,,1,,Tamanhos,L,,1,,,,,,,
,variation,8965801378011-5,Brown Caffeine V Neck Short Sleeve T-Shirt,1,0,visible,,,,,taxable,parent,1,,,,0,,,,,0,,,24,,,,,,,8965801378011,,,,,,5,Cores,Caffeine Brown,,1,,Tamanhos,XL,,1,,,,,,,
,variable,8965800919259,Off-White Crew Neck Ribbed Sleeveless T-Shirt,1,0,visible,,"""The Off-White Crew Neck Ribbed Sleeveless T-Shirt is perfect for creating a variety of outfits. It features a cropped length, a crew neck, a yoke, and is sustainably produced. Caring for 100% cotton pieces is essential to maintaining their quality and beauty. Here are some simple tips: - GENTLE WASHING: wash your clothes on a gentle cycle, with cold or warm water, to prevent shrinkage and preserve colors. - NATURAL DRYING: avoid the dryer by hanging clothes outside or on a clothesline to dry naturally. - AVOID BLEACHES: harsh products can weaken fibers and fade colors. Use mild detergents. - PROPER STORAGE: store clothes in well-ventilated areas, away from direct sunlight, and hang them flat to prevent wrinkles. Choosing 100% cotton styles means opting for comfort, durability, and sustainability. With proper care, your pieces will remain beautiful and comfortable for many years to come.""",,,taxable,,1,,,0,0,,,,,1,,,,Uncategorized,,,"https://cdn.shopify.com/s/files/1/0726/8083/3243/files/02082995_198_1-BLUSA-MALHA-COM-RIB.png?v=1755136635,https://cdn.shopify.com/s/files/1/0726/8083/3243/files/02082995_198_2-BLUSA-MALHA-COM-RIB.png?v=1755136635,https://cdn.shopify.com/s/files/1/0726/8083/3243/files/02082995_198_3-BLUSA-MALHA-COM-RIB.png?v=1755136635,https://cdn.shopify.com/s/files/1/0726/8083/3243/files/02082995_198_4-BLUSA-MALHA-COM-RIB.png?v=1755136635,https://cdn.shopify.com/s/files/1/0726/8083/3243/files/02082995_198_5-BLUSA-MALHA-COM-RIB.png?v=1755136635,https://cdn.shopify.com/s/files/1/0726/8083/3243/files/02082995_198_6-BLUSA-MALHA-COM-RIB.png?v=1755136634,https://cdn.shopify.com/s/files/1/0726/8083/3243/files/02082995_198_7-BLUSA-MALHA-COM-RIB.png?v=1755136636",,,,,,,,,0,Cores,Off-white,0,1,Off-white,Tamanhos,"XS,S,M,L,XL",0,1,XS,,,,,,
,variation,8965800919259-1,Off-White Crew Neck Ribbed Sleeveless T-Shirt,1,0,visible,,,,,taxable,parent,1,,,,0,,,,,0,,,29,,,,,,,8965800919259,,,,,,1,Cores,Off-white,,1,,Tamanhos,XS,,1,,,,,,,
,variation,8965800919259-2,Off-White Crew Neck Ribbed Sleeveless T-Shirt,1,0,visible,,,,,taxable,parent,1,,,,0,,,,,0,,,29,,,,,,,8965800919259,,,,,,2,Cores,Off-white,,1,,Tamanhos,S,,1,,,,,,,
,variation,8965800919259-3,Off-White Crew Neck Ribbed Sleeveless T-Shirt,1,0,visible,,,,,taxable,parent,1,,,,0,,,,,0,,,29,,,,,,,8965800919259,,,,,,3,Cores,Off-white,,1,,Tamanhos,M,,1,,,,,,,
,variation,8965800919259-4,Off-White Crew Neck Ribbed Sleeveless T-Shirt,1,0,visible,,,,,taxable,parent,1,,,,0,,,,,0,,,29,,,,,,,8965800919259,,,,,,4,Cores,Off-white,,1,,Tamanhos,L,,1,,,,,,,
,variation,8965800919259-5,Off-White Crew Neck Ribbed Sleeveless T-Shirt,1,0,visible,,,,,taxable,parent,1,,,,0,,,,,0,,,29,,,,,,,8965800919259,,,,,,5,Cores,Off-white,,1,,Tamanhos,XL,,1,,,,,,,
,variable,8965800820955,Off-White Crew Neck Striped Cuff T-Shirt,1,0,visible,,"""Perfect for fashion-forward and creative women. The Off-White Crew Neck Striped Cuff T-Shirt has striped sleeves, fitted cuffs, a closed collar, a regular length, and is made with sustainable raw materials, making the garment soft to the touch and more durable. Caring for 100% cotton pieces is essential to maintaining their quality and beauty. Here are some simple tips: - GENTLE WASHING: wash your clothes on a gentle cycle, with cold or warm water, to prevent shrinkage and preserve colors. - NATURAL DRYING: avoid the dryer by hanging clothes outside or on a clothesline to dry naturally. - AVOID BLEACHES: harsh products can weaken fibers and fade colors. Use mild detergents. - PROPER STORAGE: store clothes in well-ventilated areas, away from direct sunlight, and hang them flat to prevent wrinkles. Choosing 100% cotton styles means opting for comfort, durability, and sustainability. With proper care, your pieces will remain beautiful and comfortable for many years to come.""",,,taxable,,1,,,0,0,,,,,1,,,,Uncategorized,,,"https://cdn.shopify.com/s/files/1/0726/8083/3243/files/02082993_198_1-BLUSA-COM-MANGA-LISTRA.png?v=1755136624,https://cdn.shopify.com/s/files/1/0726/8083/3243/files/02082993_198_2-BLUSA-COM-MANGA-LISTRA.png?v=1755136624,https://cdn.shopify.com/s/files/1/0726/8083/3243/files/02082993_198_3-BLUSA-COM-MANGA-LISTRA.png?v=1755136624,https://cdn.shopify.com/s/files/1/0726/8083/3243/files/02082993_198_4-BLUSA-COM-MANGA-LISTRA.png?v=1755136624,https://cdn.shopify.com/s/files/1/0726/8083/3243/files/02082993_198_5-BLUSA-COM-MANGA-LISTRA.png?v=1755136624,https://cdn.shopify.com/s/files/1/0726/8083/3243/files/02082993_198_6-BLUSA-COM-MANGA-LISTRA.png?v=1755136624,https://cdn.shopify.com/s/files/1/0726/8083/3243/files/02082993_198_7-BLUSA-COM-MANGA-LISTRA.png?v=1755136624",,,,,,,,,0,Cores,Off-white,0,1,Off-white,Tamanhos,"XS,S,M,L,XL",0,1,XS,,,,,,
,variation,8965800820955-1,Off-White Crew Neck Striped Cuff T-Shirt,1,0,visible,,,,,taxable,parent,1,,,,0,,,,,0,,,44,,,,,,,8965800820955,,,,,,1,Cores,Off-white,,1,,Tamanhos,XS,,1,,,,,,,
,variation,8965800820955-2,Off-White Crew Neck Striped Cuff T-Shirt,1,0,visible,,,,,taxable,parent,1,,,,0,,,,,0,,,44,,,,,,,8965800820955,,,,,,2,Cores,Off-white,,1,,Tamanhos,S,,1,,,,,,,
,variation,8965800820955-3,Off-White Crew Neck Striped Cuff T-Shirt,1,0,visible,,,,,taxable,parent,1,,,,0,,,,,0,,,44,,,,,,,8965800820955,,,,,,3,Cores,Off-white,,1,,Tamanhos,M,,1,,,,,,,
,variation,8965800820955-4,Off-White Crew Neck Striped Cuff T-Shirt,1,0,visible,,,,,taxable,parent,1,,,,0,,,,,0,,,44,,,,,,,8965800820955,,,,,,4,Cores,Off-white,,1,,Tamanhos,L,,1,,,,,,,
,variation,8965800820955-5,Off-White Crew Neck Striped Cuff T-Shirt,1,0,visible,,,,,taxable,parent,1,,,,0,,,,,0,,,44,,,,,,,8965800820955,,,,,,5,Cores,Off-white,,1,,Tamanhos,XL,,1,,,,,,,
,variable,8965800689883,Beige And White Crew Neck Smocked Hem T-Shirt,1,0,visible,,"""Beautiful, lightweight, and super comfortable. The Beige And White Crew Neck Smocked Hem T-Shirt with gathered fabric is made of 100% cotton, featuring short sleeves, color-blocked trim, a round neck, elastic hem, and a loose fit. Caring for 100% cotton pieces is essential to maintaining their quality and beauty. Here are some simple tips: - GENTLE WASHING: wash your clothes on a gentle cycle, with cold or warm water, to prevent shrinkage and preserve colors. - NATURAL DRYING: avoid the dryer by hanging clothes outside or on a clothesline to dry naturally. - AVOID BLEACHES: harsh products can weaken fibers and fade colors. Use mild detergents. - PROPER STORAGE: store clothes in well-ventilated areas, away from direct sunlight, and hang them flat to prevent wrinkles. Choosing 100% cotton styles means opting for comfort, durability, and sustainability. With proper care, your pieces will remain beautiful and comfortable for many years to come.""",,,taxable,,1,,,0,0,,,,,1,,,,Uncategorized,,,"https://cdn.shopify.com/s/files/1/0726/8083/3243/files/02082992_2333_1-T-SHIRT-COM-TECIDO-FRANZIDO.png?v=1755136612,https://cdn.shopify.com/s/files/1/0726/8083/3243/files/02082992_2333_2-T-SHIRT-COM-TECIDO-FRANZIDO.png?v=1755136612,https://cdn.shopify.com/s/files/1/0726/8083/3243/files/02082992_2333_3-T-SHIRT-COM-TECIDO-FRANZIDO.png?v=1755136612,https://cdn.shopify.com/s/files/1/0726/8083/3243/files/02082992_2333_4-T-SHIRT-COM-TECIDO-FRANZIDO.png?v=1755136612,https://cdn.shopify.com/s/files/1/0726/8083/3243/files/02082992_2333_5-T-SHIRT-COM-TECIDO-FRANZIDO.png?v=1755136612,https://cdn.shopify.com/s/files/1/0726/8083/3243/files/02082992_2333_6-T-SHIRT-COM-TECIDO-FRANZIDO.png?v=1755136612,https://cdn.shopify.com/s/files/1/0726/8083/3243/files/02082992_2333_7-T-SHIRT-COM-TECIDO-FRANZIDO.png?v=1755136613",,,,,,,,,0,Cores,Leme Beige,0,1,Leme Beige,Tamanhos,"XS,S,M,L,XL",0,1,XS,,,,,,
,variation,8965800689883-1,Beige And White Crew Neck Smocked Hem T-Shirt,1,0,visible,,,,,taxable,parent,1,,,,0,,,,,0,,,34,,,,,,,8965800689883,,,,,,1,Cores,Leme Beige,,1,,Tamanhos,XS,,1,,,,,,,
,variation,8965800689883-2,Beige And White Crew Neck Smocked Hem T-Shirt,1,0,visible,,,,,taxable,parent,1,,,,0,,,,,0,,,34,,,,,,,8965800689883,,,,,,2,Cores,Leme Beige,,1,,Tamanhos,S,,1,,,,,,,
,variation,8965800689883-3,Beige And White Crew Neck Smocked Hem T-Shirt,1,0,visible,,,,,taxable,parent,1,,,,0,,,,,0,,,34,,,,,,,8965800689883,,,,,,3,Cores,Leme Beige,,1,,Tamanhos,M,,1,,,,,,,
,variation,8965800689883-4,Beige And White Crew Neck Smocked Hem T-Shirt,1,0,visible,,,,,taxable,parent,1,,,,0,,,,,0,,,34,,,,,,,8965800689883,,,,,,4,Cores,Leme Beige,,1,,Tamanhos,L,,1,,,,,,,
,variation,8965800689883-5,Beige And White Crew Neck Smocked Hem T-Shirt,1,0,visible,,,,,taxable,parent,1,,,,0,,,,,0,,,34,,,,,,,8965800689883,,,,,,5,Cores,Leme Beige,,1,,Tamanhos,XL,,1,,,,,,,
,variable,8965801083099,Azul Arpoador High Neck Pleat Sleeveless Crop T-Shirt,1,0,visible,,"""The best bet for any solar season. Our Azul Arpoador High Neck Pleat Sleeveless Crop T-Shirt features a high collar, dropped shoulders with pleats, a loose fit, a cropped length, and 100% cotton design, making it lightweight, durable, and soft to the touch. Caring for 100% cotton pieces is essential to maintaining their quality and beauty. Here are some simple tips: - GENTLE WASHING: wash your clothes on a gentle cycle, with cold or warm water, to prevent shrinkage and preserve colors. - NATURAL DRYING: avoid the dryer by hanging clothes outside or on a clothesline to dry naturally. - AVOID BLEACHES: harsh products can weaken fibers and fade colors. Use mild detergents. - PROPER STORAGE: store clothes in well-ventilated areas, away from direct sunlight, and hang them flat to prevent wrinkles. Choosing 100% cotton styles means opting for comfort, durability, and sustainability. With proper care, your pieces will remain beautiful and comfortable for many years to come.""",,,taxable,,1,,,0,0,,,,,1,,,,Uncategorized,,,"https://cdn.shopify.com/s/files/1/0726/8083/3243/files/02082996_2337_1-BLUSA-PREGA-OMBROS.png?v=1755136657,https://cdn.shopify.com/s/files/1/0726/8083/3243/files/02082996_2337_2-BLUSA-PREGA-OMBROS.png?v=1755136657,https://cdn.shopify.com/s/files/1/0726/8083/3243/files/02082996_2337_3-BLUSA-PREGA-OMBROS.png?v=1755136657,https://cdn.shopify.com/s/files/1/0726/8083/3243/files/02082996_2337_4-BLUSA-PREGA-OMBROS.png?v=1755136657,https://cdn.shopify.com/s/files/1/0726/8083/3243/files/02082996_2337_5-BLUSA-PREGA-OMBROS.png?v=1755136657,https://cdn.shopify.com/s/files/1/0726/8083/3243/files/02082996_2337_6-BLUSA-PREGA-OMBROS.png?v=1755136657",,,,,,,,,0,Cores,Arpoador Blue,0,1,Arpoador Blue,Tamanhos,"XS,S,M,L,XL",0,1,XS,,,,,,
,variation,8965801083099-1,Azul Arpoador High Neck Pleat Sleeveless Crop T-Shirt,1,0,visible,,,,,taxable,parent,1,,,,0,,,,,0,,,39,,,,,,,8965801083099,,,,,,1,Cores,Arpoador Blue,,1,,Tamanhos,XS,,1,,,,,,,
,variation,8965801083099-2,Azul Arpoador High Neck Pleat Sleeveless Crop T-Shirt,1,0,visible,,,,,taxable,parent,1,,,,0,,,,,0,,,39,,,,,,,8965801083099,,,,,,2,Cores,Arpoador Blue,,1,,Tamanhos,S,,1,,,,,,,
,variation,8965801083099-3,Azul Arpoador High Neck Pleat Sleeveless Crop T-Shirt,1,0,visible,,,,,taxable,parent,1,,,,0,,,,,0,,,39,,,,,,,8965801083099,,,,,,3,Cores,Arpoador Blue,,1,,Tamanhos,M,,1,,,,,,,
,variation,8965801083099-4,Azul Arpoador High Neck Pleat Sleeveless Crop T-Shirt,1,0,visible,,,,,taxable,parent,1,,,,0,,,,,0,,,39,,,,,,,8965801083099,,,,,,4,Cores,Arpoador Blue,,1,,Tamanhos,L,,1,,,,,,,
,variation,8965801083099-5,Azul Arpoador High Neck Pleat Sleeveless Crop T-Shirt,1,0,visible,,,,,taxable,parent,1,,,,0,,,,,0,,,39,,,,,,,8965801083099,,,,,,5,Cores,Arpoador Blue,,1,,Tamanhos,XL,,1,,,,,,,
,variable,8965801050331,Beige Leme High Neck Pleat Sleeveless Crop T-Shirt,1,0,visible,,"""The best bet for any solar season. Our Beige Leme High Neck Pleat Sleeveless Crop T-Shirt features a high collar, dropped shoulders with pleats, a loose fit, a cropped length, and 100% cotton design, making it lightweight, durable, and soft to the touch. Caring for 100% cotton pieces is essential to maintaining their quality and beauty. Here are some simple tips: - GENTLE WASHING: wash your clothes on a gentle cycle, with cold or warm water, to prevent shrinkage and preserve colors. - NATURAL DRYING: avoid the dryer by hanging clothes outside or on a clothesline to dry naturally. - AVOID BLEACHES: harsh products can weaken fibers and fade colors. Use mild detergents. - PROPER STORAGE: store clothes in well-ventilated areas, away from direct sunlight, and hang them flat to prevent wrinkles. Choosing 100% cotton styles means opting for comfort, durability, and sustainability. With proper care, your pieces will remain beautiful and comfortable for many years to come.""",,,taxable,,1,,,0,0,,,,,1,,,,Uncategorized,,,"https://cdn.shopify.com/s/files/1/0726/8083/3243/files/02082996_2333_1-BLUSA-PREGA-OMBROS.png?v=1755136652,https://cdn.shopify.com/s/files/1/0726/8083/3243/files/02082996_2333_2-BLUSA-PREGA-OMBROS.png?v=1755136651,https://cdn.shopify.com/s/files/1/0726/8083/3243/files/02082996_2333_3-BLUSA-PREGA-OMBROS.png?v=1755136652,https://cdn.shopify.com/s/files/1/0726/8083/3243/files/02082996_2333_4-BLUSA-PREGA-OMBROS.png?v=1755136652,https://cdn.shopify.com/s/files/1/0726/8083/3243/files/02082996_2333_5-BLUSA-PREGA-OMBROS.png?v=1755136651,https://cdn.shopify.com/s/files/1/0726/8083/3243/files/02082996_2333_9-BLUSA-PREGA-OMBROS.png?v=1755136651,https://cdn.shopify.com/s/files/1/0726/8083/3243/files/02082996_2333_10-BLUSA-PREGA-OMBROS.png?v=1755136652",,,,,,,,,0,Cores,Beige Leme,0,1,Beige Leme,Tamanhos,"XS,S,M,L,XL",0,1,XS,,,,,,
,variation,8965801050331-1,Beige Leme High Neck Pleat Sleeveless Crop T-Shirt,1,0,visible,,,,,taxable,parent,1,,,,0,,,,,0,,,39,,,,,,,8965801050331,,,,,,1,Cores,Beige Leme,,1,,Tamanhos,XS,,1,,,,,,,
,variation,8965801050331-2,Beige Leme High Neck Pleat Sleeveless Crop T-Shirt,1,0,visible,,,,,taxable,parent,1,,,,0,,,,,0,,,39,,,,,,,8965801050331,,,,,,2,Cores,Beige Leme,,1,,Tamanhos,S,,1,,,,,,,
,variation,8965801050331-3,Beige Leme High Neck Pleat Sleeveless Crop T-Shirt,1,0,visible,,,,,taxable,parent,1,,,,0,,,,,0,,,39,,,,,,,8965801050331,,,,,,3,Cores,Beige Leme,,1,,Tamanhos,M,,1,,,,,,,
,variation,8965801050331-4,Beige Leme High Neck Pleat Sleeveless Crop T-Shirt,1,0,visible,,,,,taxable,parent,1,,,,0,,,,,0,,,39,,,,,,,8965801050331,,,,,,4,Cores,Beige Leme,,1,,Tamanhos,L,,1,,,,,,,
,variation,8965801050331-5,Beige Leme High Neck Pleat Sleeveless Crop T-Shirt,1,0,visible,,,,,taxable,parent,1,,,,0,,,,,0,,,39,,,,,,,8965801050331,,,,,,5,Cores,Beige Leme,,1,,Tamanhos,XL,,1,,,,,,,
,variable,8965822939355,Off-White Welcome To Rio Short Sleeve Graphic T-Shirt,1,0,visible,,"""The good, relaxed vibe we love. The Off-White Welcome To Rio Short Sleeve Graphic T-Shirt is oversized, with off-the-shoulders and an elongated length, to be an essential for creating light, casual looks. Its 100% cotton design is incredible for making your day fresher and full of softness. Caring for 100% cotton pieces is essential to maintaining their quality and beauty. Here are some simple tips: - GENTLE WASHING: wash your clothes on a gentle cycle, with cold or warm water, to prevent shrinkage and preserve colors. - NATURAL DRYING: avoid the dryer by hanging clothes outside or on a clothesline to dry naturally. - AVOID BLEACHES: harsh products can weaken fibers and fade colors. Use mild detergents. - PROPER STORAGE: store clothes in well-ventilated areas, away from direct sunlight, and hang them flat to prevent wrinkles. Choosing 100% cotton styles means opting for comfort, durability, and sustainability. With proper care, your pieces will remain beautiful and comfortable for many years to come.""",,,taxable,,1,,,0,0,,,,,1,,,,Uncategorized,,,"https://cdn.shopify.com/s/files/1/0726/8083/3243/files/02110467_198_1-T-SHIRT-SILK-WELCOME-TO-RIO.png?v=1755137505,https://cdn.shopify.com/s/files/1/0726/8083/3243/files/02110467_198_2-T-SHIRT-SILK-WELCOME-TO-RIO.png?v=1755137504,https://cdn.shopify.com/s/files/1/0726/8083/3243/files/02110467_198_3-T-SHIRT-SILK-WELCOME-TO-RIO.png?v=1755137504,https://cdn.shopify.com/s/files/1/0726/8083/3243/files/02110467_198_4-T-SHIRT-SILK-WELCOME-TO-RIO.png?v=1755137505,https://cdn.shopify.com/s/files/1/0726/8083/3243/files/02110467_198_5-T-SHIRT-SILK-WELCOME-TO-RIO.png?v=1755137505,https://cdn.shopify.com/s/files/1/0726/8083/3243/files/02110467_198_6-T-SHIRT-SILK-WELCOME-TO-RIO.png?v=1755137504,https://cdn.shopify.com/s/files/1/0726/8083/3243/files/02110467_198_7-T-SHIRT-SILK-WELCOME-TO-RIO.png?v=1755137504",,,,,,,,,0,Cores,Off-white,0,1,Off-white,Tamanhos,"XXS,XS,S,M,L",0,1,XXS,,,,,,
,variation,8965822939355-1,Off-White Welcome To Rio Short Sleeve Graphic T-Shirt,1,0,visible,,,,,taxable,parent,1,,,,0,,,,,0,,,29,,,,,,,8965822939355,,,,,,1,Cores,Off-white,,1,,Tamanhos,XXS,,1,,,,,,,
,variation,8965822939355-2,Off-White Welcome To Rio Short Sleeve Graphic T-Shirt,1,0,visible,,,,,taxable,parent,1,,,,0,,,,,0,,,29,,,,,,,8965822939355,,,,,,2,Cores,Off-white,,1,,Tamanhos,XS,,1,,,,,,,
,variation,8965822939355-3,Off-White Welcome To Rio Short Sleeve Graphic T-Shirt,1,0,visible,,,,,taxable,parent,1,,,,0,,,,,0,,,29,,,,,,,8965822939355,,,,,,3,Cores,Off-white,,1,,Tamanhos,S,,1,,,,,,,
,variation,8965822939355-4,Off-White Welcome To Rio Short Sleeve Graphic T-Shirt,1,0,visible,,,,,taxable,parent,1,,,,0,,,,,0,,,29,,,,,,,8965822939355,,,,,,4,Cores,Off-white,,1,,Tamanhos,M,,1,,,,,,,
,variation,8965822939355-5,Off-White Welcome To Rio Short Sleeve Graphic T-Shirt,1,0,visible,,,,,taxable,parent,1,,,,0,,,,,0,,,29,,,,,,,8965822939355,,,,,,5,Cores,Off-white,,1,,Tamanhos,L,,1,,,,,,,
,variable,8965801672923,Green Botanico Padded Shoulders T-Shirt,1,0,visible,,"A super-necessary basic. The Green Botanico Padded Shoulders T-Shirt with shoulder pads has a loose fit, regular length, and short sleeves. Invest in it!",,,taxable,,1,,,0,0,,,,,1,,,,Uncategorized,,,"https://cdn.shopify.com/s/files/1/0726/8083/3243/files/02083019_2338_1-BLUSA-COM-OMBREIRA.png?v=1755136745,https://cdn.shopify.com/s/files/1/0726/8083/3243/files/02083019_2338_2-BLUSA-COM-OMBREIRA.png?v=1755136744,https://cdn.shopify.com/s/files/1/0726/8083/3243/files/02083019_2338_3-BLUSA-COM-OMBREIRA.png?v=1755136744,https://cdn.shopify.com/s/files/1/0726/8083/3243/files/02083019_2338_4-BLUSA-COM-OMBREIRA.png?v=1755136745,https://cdn.shopify.com/s/files/1/0726/8083/3243/files/02083019_2338_5-BLUSA-COM-OMBREIRA.png?v=1755136745,https://cdn.shopify.com/s/files/1/0726/8083/3243/files/02083019_2338_6-BLUSA-COM-OMBREIRA.png?v=1755136746",,,,,,,,,0,Cores,Botanico Green,0,1,Botanico Green,Tamanhos,"XS,S,M,L,XL",0,1,XS,,,,,,
,variation,8965801672923-1,Green Botanico Padded Shoulders T-Shirt,1,0,visible,,,,,taxable,parent,1,,,,0,,,,,0,,,29,,,,,,,8965801672923,,,,,,1,Cores,Botanico Green,,1,,Tamanhos,XS,,1,,,,,,,
,variation,8965801672923-2,Green Botanico Padded Shoulders T-Shirt,1,0,visible,,,,,taxable,parent,1,,,,0,,,,,0,,,29,,,,,,,8965801672923,,,,,,2,Cores,Botanico Green,,1,,Tamanhos,S,,1,,,,,,,
,variation,8965801672923-3,Green Botanico Padded Shoulders T-Shirt,1,0,visible,,,,,taxable,parent,1,,,,0,,,,,0,,,29,,,,,,,8965801672923,,,,,,3,Cores,Botanico Green,,1,,Tamanhos,M,,1,,,,,,,
,variation,8965801672923-4,Green Botanico Padded Shoulders T-Shirt,1,0,visible,,,,,taxable,parent,1,,,,0,,,,,0,,,29,,,,,,,8965801672923,,,,,,4,Cores,Botanico Green,,1,,Tamanhos,L,,1,,,,,,,
,variation,8965801672923-5,Green Botanico Padded Shoulders T-Shirt,1,0,visible,,,,,taxable,parent,1,,,,0,,,,,0,,,29,,,,,,,8965801672923,,,,,,5,Cores,Botanico Green,,1,,Tamanhos,XL,,1,,,,,,,
,variable,8965801640155,Off-White Padded Shoulders T-Shirt,1,0,visible,,"A super-necessary basic. The Off-White Padded Shoulders T-Shirt with shoulder pads has a loose fit, regular length, and short sleeves. Invest in it!",,,taxable,,1,,,0,0,,,,,1,,,,Uncategorized,,,"https://cdn.shopify.com/s/files/1/0726/8083/3243/files/02083019_2332_1-BLUSA-COM-OMBREIRA.png?v=1755136739,https://cdn.shopify.com/s/files/1/0726/8083/3243/files/02083019_2332_2-BLUSA-COM-OMBREIRA.png?v=1755136739,https://cdn.shopify.com/s/files/1/0726/8083/3243/files/02083019_2332_3-BLUSA-COM-OMBREIRA.png?v=1755136738,https://cdn.shopify.com/s/files/1/0726/8083/3243/files/02083019_2332_4-BLUSA-COM-OMBREIRA.png?v=1755136739,https://cdn.shopify.com/s/files/1/0726/8083/3243/files/02083019_2332_5-BLUSA-COM-OMBREIRA.png?v=1755136739,https://cdn.shopify.com/s/files/1/0726/8083/3243/files/02083019_2332_6-BLUSA-COM-OMBREIRA.png?v=1755136738,https://cdn.shopify.com/s/files/1/0726/8083/3243/files/02083019_2332_7-BLUSA-COM-OMBREIRA.png?v=1755136740",,,,,,,,,0,Cores,Off-white,0,1,Off-white,Tamanhos,"XS,S,M,L,XL",0,1,XS,,,,,,
,variation,8965801640155-1,Off-White Padded Shoulders T-Shirt,1,0,visible,,,,,taxable,parent,1,,,,0,,,,,0,,,29,,,,,,,8965801640155,,,,,,1,Cores,Off-white,,1,,Tamanhos,XS,,1,,,,,,,
,variation,8965801640155-2,Off-White Padded Shoulders T-Shirt,1,0,visible,,,,,taxable,parent,1,,,,0,,,,,0,,,29,,,,,,,8965801640155,,,,,,2,Cores,Off-white,,1,,Tamanhos,S,,1,,,,,,,
,variation,8965801640155-3,Off-White Padded Shoulders T-Shirt,1,0,visible,,,,,taxable,parent,1,,,,0,,,,,0,,,29,,,,,,,8965801640155,,,,,,3,Cores,Off-white,,1,,Tamanhos,M,,1,,,,,,,
,variation,8965801640155-4,Off-White Padded Shoulders T-Shirt,1,0,visible,,,,,taxable,parent,1,,,,0,,,,,0,,,29,,,,,,,8965801640155,,,,,,4,Cores,Off-white,,1,,Tamanhos,L,,1,,,,,,,
,variation,8965801640155-5,Off-White Padded Shoulders T-Shirt,1,0,visible,,,,,taxable,parent,1,,,,0,,,,,0,,,29,,,,,,,8965801640155,,,,,,5,Cores,Off-white,,1,,Tamanhos,XL,,1,,,,,,,
,variable,8965801935067,Black Padded Shoulders T-Shirt,1,0,visible,,"A super-necessary basic. The Black Padded Shoulders T-Shirt with shoulder pads has a loose fit, regular length, and short sleeves. Invest in it!",,,taxable,,1,,,0,0,,,,,1,,,,Uncategorized,,,"https://cdn.shopify.com/s/files/1/0726/8083/3243/files/02083019_468_1-BLUSA-COM-OMBREIRA.png?v=1755136751,https://cdn.shopify.com/s/files/1/0726/8083/3243/files/02083019_468_2-BLUSA-COM-OMBREIRA.png?v=1755136751,https://cdn.shopify.com/s/files/1/0726/8083/3243/files/02083019_468_3-BLUSA-COM-OMBREIRA.png?v=1755136751,https://cdn.shopify.com/s/files/1/0726/8083/3243/files/02083019_468_4-BLUSA-COM-OMBREIRA.png?v=1755136751,https://cdn.shopify.com/s/files/1/0726/8083/3243/files/02083019_468_5-BLUSA-COM-OMBREIRA.png?v=1755136750,https://cdn.shopify.com/s/files/1/0726/8083/3243/files/02083019_468_6-BLUSA-COM-OMBREIRA.png?v=1755136751",,,,,,,,,0,Cores,Black,0,1,Black,Tamanhos,"XS,S,M,L,XL",0,1,XS,,,,,,
,variation,8965801935067-1,Black Padded Shoulders T-Shirt,1,0,visible,,,,,taxable,parent,1,,,,0,,,,,0,,,29,,,,,,,8965801935067,,,,,,1,Cores,Black,,1,,Tamanhos,XS,,1,,,,,,,
,variation,8965801935067-2,Black Padded Shoulders T-Shirt,1,0,visible,,,,,taxable,parent,1,,,,0,,,,,0,,,29,,,,,,,8965801935067,,,,,,2,Cores,Black,,1,,Tamanhos,S,,1,,,,,,,
,variation,8965801935067-3,Black Padded Shoulders T-Shirt,1,0,visible,,,,,taxable,parent,1,,,,0,,,,,0,,,29,,,,,,,8965801935067,,,,,,3,Cores,Black,,1,,Tamanhos,M,,1,,,,,,,
,variation,8965801935067-4,Black Padded Shoulders T-Shirt,1,0,visible,,,,,taxable,parent,1,,,,0,,,,,0,,,29,,,,,,,8965801935067,,,,,,4,Cores,Black,,1,,Tamanhos,L,,1,,,,,,,
,variation,8965801935067-5,Black Padded Shoulders T-Shirt,1,0,visible,,,,,taxable,parent,1,,,,0,,,,,0,,,29,,,,,,,8965801935067,,,,,,5,Cores,Black,,1,,Tamanhos,XL,,1,,,,,,,
,variable,8965821464795,Brown Caffeine T-Shirt,1,0,visible,,"A basic that every woman needs. The Brown Caffeine Crew Neck Short Sleeve Padded Shoulders Shirt has a loose fit, a round neck, an elongated length, and short sleeves. Invest in it!",,,taxable,,1,,,0,0,,,,,1,,,,Uncategorized,,,"https://cdn.shopify.com/s/files/1/0726/8083/3243/files/02.08.3118_2345_1_1.png?v=1758419289,https://cdn.shopify.com/s/files/1/0726/8083/3243/files/02.08.3118_2345_2_2.png?v=1758419289,https://cdn.shopify.com/s/files/1/0726/8083/3243/files/02.08.3118_2345_3_3.png?v=1758419289,https://cdn.shopify.com/s/files/1/0726/8083/3243/files/02.08.3118_2345_4_4.png?v=1758419289,https://cdn.shopify.com/s/files/1/0726/8083/3243/files/02.08.3118_2345_5_5.png?v=1758419289,https://cdn.shopify.com/s/files/1/0726/8083/3243/files/02.08.3118_2345_6_6.png?v=1758419289",,,,,,,,,0,Cores,Brown,0,1,Brown,Tamanhos,"XS,S,M,L,XL",0,1,XS,,,,,,
,variation,8965821464795-1,Brown Caffeine T-Shirt,1,0,visible,,,,,taxable,parent,1,,,,0,,,,,0,,,29,,,,,,,8965821464795,,,,,,1,Cores,Brown,,1,,Tamanhos,XS,,1,,,,,,,
,variation,8965821464795-2,Brown Caffeine T-Shirt,1,0,visible,,,,,taxable,parent,1,,,,0,,,,,0,,,29,,,,,,,8965821464795,,,,,,2,Cores,Brown,,1,,Tamanhos,S,,1,,,,,,,
,variation,8965821464795-3,Brown Caffeine T-Shirt,1,0,visible,,,,,taxable,parent,1,,,,0,,,,,0,,,29,,,,,,,8965821464795,,,,,,3,Cores,Brown,,1,,Tamanhos,M,,1,,,,,,,
,variation,8965821464795-4,Brown Caffeine T-Shirt,1,0,visible,,,,,taxable,parent,1,,,,0,,,,,0,,,29,,,,,,,8965821464795,,,,,,4,Cores,Brown,,1,,Tamanhos,L,,1,,,,,,,
,variation,8965821464795-5,Brown Caffeine T-Shirt,1,0,visible,,,,,taxable,parent,1,,,,0,,,,,0,,,29,,,,,,,8965821464795,,,,,,5,Cores,Brown,,1,,Tamanhos,XL,,1,,,,,,,
,variable,8965821235419,Grey Mirante Crew Neck Short Sleeve Padded Shoulders T-Shirt,1,0,visible,,Blusa T-shirt Com Ombreira,,,taxable,,1,,,0,0,,,,,1,,,,Uncategorized,,,"https://cdn.shopify.com/s/files/1/0726/8083/3243/files/02.08.3118_2336_1_1.png?v=1758419281,https://cdn.shopify.com/s/files/1/0726/8083/3243/files/02.08.3118_2336_2_2.png?v=1758419281,https://cdn.shopify.com/s/files/1/0726/8083/3243/files/02.08.3118_2336_3_3.png?v=1758419281,https://cdn.shopify.com/s/files/1/0726/8083/3243/files/02.08.3118_2336_4_4.png?v=1758419281,https://cdn.shopify.com/s/files/1/0726/8083/3243/files/02.08.3118_2336_5_5.png?v=1758419280,https://cdn.shopify.com/s/files/1/0726/8083/3243/files/02.08.3118_2336_6_6.png?v=1758419280",,,,,,,,,0,Cores,Grey Mirante,0,1,Grey Mirante,Tamanhos,"XS,S,M,L,XL",0,1,XS,,,,,,
,variation,8965821235419-1,Grey Mirante Crew Neck Short Sleeve Padded Shoulders T-Shirt,1,0,visible,,,,,taxable,parent,1,,,,0,,,,,0,,,29,,,,,,,8965821235419,,,,,,1,Cores,Grey Mirante,,1,,Tamanhos,XS,,1,,,,,,,
,variation,8965821235419-2,Grey Mirante Crew Neck Short Sleeve Padded Shoulders T-Shirt,1,0,visible,,,,,taxable,parent,1,,,,0,,,,,0,,,29,,,,,,,8965821235419,,,,,,2,Cores,Grey Mirante,,1,,Tamanhos,S,,1,,,,,,,
,variation,8965821235419-3,Grey Mirante Crew Neck Short Sleeve Padded Shoulders T-Shirt,1,0,visible,,,,,taxable,parent,1,,,,0,,,,,0,,,29,,,,,,,8965821235419,,,,,,3,Cores,Grey Mirante,,1,,Tamanhos,M,,1,,,,,,,
,variation,8965821235419-4,Grey Mirante Crew Neck Short Sleeve Padded Shoulders T-Shirt,1,0,visible,,,,,taxable,parent,1,,,,0,,,,,0,,,29,,,,,,,8965821235419,,,,,,4,Cores,Grey Mirante,,1,,Tamanhos,L,,1,,,,,,,
,variation,8965821235419-5,Grey Mirante Crew Neck Short Sleeve Padded Shoulders T-Shirt,1,0,visible,,,,,taxable,parent,1,,,,0,,,,,0,,,29,,,,,,,8965821235419,,,,,,5,Cores,Grey Mirante,,1,,Tamanhos,XL,,1,,,,,,,
,variable,8965821432027,Wine Bossa  T-Shirt,1,0,visible,,"A basic that every woman needs. The Wine Bossa Crew Neck Short Sleeve Padded Shoulders T-Shirt has a loose fit, a round neck, an elongated length, and short sleeves. Invest in it!",,,taxable,,1,,,0,0,,,,,1,,,,Uncategorized,,,"https://cdn.shopify.com/s/files/1/0726/8083/3243/files/02.08.3118_2342_1_1.png?v=1758419284,https://cdn.shopify.com/s/files/1/0726/8083/3243/files/02.08.3118_2342_2_2.png?v=1758419284,https://cdn.shopify.com/s/files/1/0726/8083/3243/files/02.08.3118_2342_3_3.png?v=1758419285,https://cdn.shopify.com/s/files/1/0726/8083/3243/files/02.08.3118_2342_4_4.png?v=1758419285,https://cdn.shopify.com/s/files/1/0726/8083/3243/files/02.08.3118_2342_5_5.png?v=1758419285,https://cdn.shopify.com/s/files/1/0726/8083/3243/files/02.08.3118_2342_6_6.png?v=1758419285",,,,,,,,,0,Cores,Colorful,0,1,Colorful,Tamanhos,"XS,S,M,L,XL",0,1,XS,,,,,,
,variation,8965821432027-1,Wine Bossa  T-Shirt,1,0,visible,,,,,taxable,parent,1,,,,0,,,,,0,,,29,,,,,,,8965821432027,,,,,,1,Cores,Colorful,,1,,Tamanhos,XS,,1,,,,,,,
,variation,8965821432027-2,Wine Bossa  T-Shirt,1,0,visible,,,,,taxable,parent,1,,,,0,,,,,0,,,29,,,,,,,8965821432027,,,,,,2,Cores,Colorful,,1,,Tamanhos,S,,1,,,,,,,
,variation,8965821432027-3,Wine Bossa  T-Shirt,1,0,visible,,,,,taxable,parent,1,,,,0,,,,,0,,,29,,,,,,,8965821432027,,,,,,3,Cores,Colorful,,1,,Tamanhos,M,,1,,,,,,,
,variation,8965821432027-4,Wine Bossa  T-Shirt,1,0,visible,,,,,taxable,parent,1,,,,0,,,,,0,,,29,,,,,,,8965821432027,,,,,,4,Cores,Colorful,,1,,Tamanhos,L,,1,,,,,,,
,variation,8965821432027-5,Wine Bossa  T-Shirt,1,0,visible,,,,,taxable,parent,1,,,,0,,,,,0,,,29,,,,,,,8965821432027,,,,,,5,Cores,Colorful,,1,,Tamanhos,XL,,1,,,,,,,
,variable,8965821432027,Wine Bossa  T-Shirt,1,0,visible,,"A basic that every woman needs. The Wine Bossa Crew Neck Short Sleeve Padded Shoulders T-Shirt has a loose fit, a round neck, an elongated length, and short sleeves. Invest in it!",,,taxable,,1,,,0,0,,,,,1,,,,Uncategorized,,,"https://cdn.shopify.com/s/files/1/0726/8083/3243/files/02.08.3118_2342_1_1.png?v=1758419284,https://cdn.shopify.com/s/files/1/0726/8083/3243/files/02.08.3118_2342_2_2.png?v=1758419284,https://cdn.shopify.com/s/files/1/0726/8083/3243/files/02.08.3118_2342_3_3.png?v=1758419285,https://cdn.shopify.com/s/files/1/0726/8083/3243/files/02.08.3118_2342_4_4.png?v=1758419285,https://cdn.shopify.com/s/files/1/0726/8083/3243/files/02.08.3118_2342_5_5.png?v=1758419285,https://cdn.shopify.com/s/files/1/0726/8083/3243/files/02.08.3118_2342_6_6.png?v=1758419285",,,,,,,,,0,Cores,Colorful,0,1,Colorful,Tamanhos,"XS,S,M,L,XL",0,1,XS,,,,,,
,variation,8965821432027-1,Wine Bossa  T-Shirt,1,0,visible,,,,,taxable,parent,1,,,,0,,,,,0,,,29,,,,,,,8965821432027,,,,,,1,Cores,Colorful,,1,,Tamanhos,XS,,1,,,,,,,
,variation,8965821432027-2,Wine Bossa  T-Shirt,1,0,visible,,,,,taxable,parent,1,,,,0,,,,,0,,,29,,,,,,,8965821432027,,,,,,2,Cores,Colorful,,1,,Tamanhos,S,,1,,,,,,,
,variation,8965821432027-3,Wine Bossa  T-Shirt,1,0,visible,,,,,taxable,parent,1,,,,0,,,,,0,,,29,,,,,,,8965821432027,,,,,,3,Cores,Colorful,,1,,Tamanhos,M,,1,,,,,,,
,variation,8965821432027-4,Wine Bossa  T-Shirt,1,0,visible,,,,,taxable,parent,1,,,,0,,,,,0,,,29,,,,,,,8965821432027,,,,,,4,Cores,Colorful,,1,,Tamanhos,L,,1,,,,,,,
,variation,8965821432027-5,Wine Bossa  T-Shirt,1,0,visible,,,,,taxable,parent,1,,,,0,,,,,0,,,29,,,,,,,8965821432027,,,,,,5,Cores,Colorful,,1,,Tamanhos,XL,,1,,,,,,,
,variable,8965821464795,Brown Caffeine T-Shirt,1,0,visible,,"A basic that every woman needs. The Brown Caffeine Crew Neck Short Sleeve Padded Shoulders Shirt has a loose fit, a round neck, an elongated length, and short sleeves. Invest in it!",,,taxable,,1,,,0,0,,,,,1,,,,Uncategorized,,,"https://cdn.shopify.com/s/files/1/0726/8083/3243/files/02.08.3118_2345_1_1.png?v=1758419289,https://cdn.shopify.com/s/files/1/0726/8083/3243/files/02.08.3118_2345_2_2.png?v=1758419289,https://cdn.shopify.com/s/files/1/0726/8083/3243/files/02.08.3118_2345_3_3.png?v=1758419289,https://cdn.shopify.com/s/files/1/0726/8083/3243/files/02.08.3118_2345_4_4.png?v=1758419289,https://cdn.shopify.com/s/files/1/0726/8083/3243/files/02.08.3118_2345_5_5.png?v=1758419289,https://cdn.shopify.com/s/files/1/0726/8083/3243/files/02.08.3118_2345_6_6.png?v=1758419289",,,,,,,,,0,Cores,Brown,0,1,Brown,Tamanhos,"XS,S,M,L,XL",0,1,XS,,,,,,
,variation,8965821464795-1,Brown Caffeine T-Shirt,1,0,visible,,,,,taxable,parent,1,,,,0,,,,,0,,,29,,,,,,,8965821464795,,,,,,1,Cores,Brown,,1,,Tamanhos,XS,,1,,,,,,,
,variation,8965821464795-2,Brown Caffeine T-Shirt,1,0,visible,,,,,taxable,parent,1,,,,0,,,,,0,,,29,,,,,,,8965821464795,,,,,,2,Cores,Brown,,1,,Tamanhos,S,,1,,,,,,,
,variation,8965821464795-3,Brown Caffeine T-Shirt,1,0,visible,,,,,taxable,parent,1,,,,0,,,,,0,,,29,,,,,,,8965821464795,,,,,,3,Cores,Brown,,1,,Tamanhos,M,,1,,,,,,,
,variation,8965821464795-4,Brown Caffeine T-Shirt,1,0,visible,,,,,taxable,parent,1,,,,0,,,,,0,,,29,,,,,,,8965821464795,,,,,,4,Cores,Brown,,1,,Tamanhos,L,,1,,,,,,,
,variation,8965821464795-5,Brown Caffeine T-Shirt,1,0,visible,,,,,taxable,parent,1,,,,0,,,,,0,,,29,,,,,,,8965821464795,,,,,,5,Cores,Brown,,1,,Tamanhos,XL,,1,,,,,,,
,variable,8965823529179,Off-White Arpoador Embroidered  T-Shirt,1,0,visible,,"Perfect for any occasion and with a variety of looks. The Off-White Arpoador Embroidered Collared  t- sHIRT has adjustable thin straps, a slight V neckline, and a loose fit, bringing lightness and delicacy.",,,taxable,,1,,,0,0,,,,,1,,,,Uncategorized,,,"https://cdn.shopify.com/s/files/1/0726/8083/3243/files/02.11.0495_198_1_1.png?v=1758419424,https://cdn.shopify.com/s/files/1/0726/8083/3243/files/02.11.0495_198_2_2.png?v=1758419424,https://cdn.shopify.com/s/files/1/0726/8083/3243/files/02.11.0495_198_3_3.png?v=1758419424,https://cdn.shopify.com/s/files/1/0726/8083/3243/files/02.11.0495_198_4_4.png?v=1758419424,https://cdn.shopify.com/s/files/1/0726/8083/3243/files/02.11.0495_198_5_5.png?v=1758419424,https://cdn.shopify.com/s/files/1/0726/8083/3243/files/02.11.0495_198_6_6.png?v=1758419424",,,,,,,,,0,Cores,White,0,1,White,Tamanhos,"XXS,XS,S,M,L,XL",0,1,XXS,,,,,,
,variation,8965823529179-1,Off-White Arpoador Embroidered  T-Shirt,1,0,visible,,,,,taxable,parent,1,,,,0,,,,,0,,,39,,,,,,,8965823529179,,,,,,1,Cores,White,,1,,Tamanhos,XXS,,1,,,,,,,
,variation,8965823529179-2,Off-White Arpoador Embroidered  T-Shirt,1,0,visible,,,,,taxable,parent,1,,,,0,,,,,0,,,39,,,,,,,8965823529179,,,,,,2,Cores,White,,1,,Tamanhos,XS,,1,,,,,,,
,variation,8965823529179-3,Off-White Arpoador Embroidered  T-Shirt,1,0,visible,,,,,taxable,parent,1,,,,0,,,,,0,,,39,,,,,,,8965823529179,,,,,,3,Cores,White,,1,,Tamanhos,S,,1,,,,,,,
,variation,8965823529179-4,Off-White Arpoador Embroidered  T-Shirt,1,0,visible,,,,,taxable,parent,1,,,,0,,,,,0,,,39,,,,,,,8965823529179,,,,,,4,Cores,White,,1,,Tamanhos,M,,1,,,,,,,
,variation,8965823529179-5,Off-White Arpoador Embroidered  T-Shirt,1,0,visible,,,,,taxable,parent,1,,,,0,,,,,0,,,39,,,,,,,8965823529179,,,,,,5,Cores,White,,1,,Tamanhos,L,,1,,,,,,,
,variation,8965823529179-6,Off-White Arpoador Embroidered  T-Shirt,1,0,visible,,,,,taxable,parent,1,,,,0,,,,,0,,,39,,,,,,,8965823529179,,,,,,6,Cores,White,,1,,Tamanhos,XL,,1,,,,,,,
,variable,8965823463643,Off-White Leblon Embroidered  T-Shirt,1,0,visible,,"Add an urban and stylish touch to your days. Our Off-White Leblon Embroidered Collared T-Shirt features an elongated length, dropped shoulders, a collared collar, and a loose fit.",,,taxable,,1,,,0,0,,,,,1,,,,Uncategorized,,,"https://cdn.shopify.com/s/files/1/0726/8083/3243/files/02.11.0485_198_1_1.png?v=1758419416,https://cdn.shopify.com/s/files/1/0726/8083/3243/files/02.11.0485_198_2_2.png?v=1758419415,https://cdn.shopify.com/s/files/1/0726/8083/3243/files/02.11.0485_198_3_3.png?v=1758419416,https://cdn.shopify.com/s/files/1/0726/8083/3243/files/02.11.0485_198_4_4.png?v=1758419416,https://cdn.shopify.com/s/files/1/0726/8083/3243/files/02.11.0485_198_5_5.png?v=1758419416,https://cdn.shopify.com/s/files/1/0726/8083/3243/files/02.11.0485_198_6_6.png?v=1758419416",,,,,,,,,0,Cores,White,0,1,White,Tamanhos,"XXS,XS,S,M,L,XL",0,1,XXS,,,,,,
,variation,8965823463643-1,Off-White Leblon Embroidered  T-Shirt,1,0,visible,,,,,taxable,parent,1,,,,0,,,,,0,,,39,,,,,,,8965823463643,,,,,,1,Cores,White,,1,,Tamanhos,XXS,,1,,,,,,,
,variation,8965823463643-2,Off-White Leblon Embroidered  T-Shirt,1,0,visible,,,,,taxable,parent,1,,,,0,,,,,0,,,39,,,,,,,8965823463643,,,,,,2,Cores,White,,1,,Tamanhos,XS,,1,,,,,,,
,variation,8965823463643-3,Off-White Leblon Embroidered  T-Shirt,1,0,visible,,,,,taxable,parent,1,,,,0,,,,,0,,,39,,,,,,,8965823463643,,,,,,3,Cores,White,,1,,Tamanhos,S,,1,,,,,,,
,variation,8965823463643-4,Off-White Leblon Embroidered  T-Shirt,1,0,visible,,,,,taxable,parent,1,,,,0,,,,,0,,,39,,,,,,,8965823463643,,,,,,4,Cores,White,,1,,Tamanhos,M,,1,,,,,,,
,variation,8965823463643-5,Off-White Leblon Embroidered  T-Shirt,1,0,visible,,,,,taxable,parent,1,,,,0,,,,,0,,,39,,,,,,,8965823463643,,,,,,5,Cores,White,,1,,Tamanhos,L,,1,,,,,,,
,variation,8965823463643-6,Off-White Leblon Embroidered  T-Shirt,1,0,visible,,,,,taxable,parent,1,,,,0,,,,,0,,,39,,,,,,,8965823463643,,,,,,6,Cores,White,,1,,Tamanhos,XL,,1,,,,,,,
,variable,8965823496411,Off-White Ipanema Embroidered  T-Shirt,1,0,visible,,"Add an urban and stylish touch to your days. Our Off-White Ipanema Embroidered Collared T-Shirt features an elongated length, dropped shoulders, a collared collar, and a loose fit.",,,taxable,,1,,,0,0,,,,,1,,,,Uncategorized,,,"https://cdn.shopify.com/s/files/1/0726/8083/3243/files/02.11.0494_198_1_1.png?v=1758419420,https://cdn.shopify.com/s/files/1/0726/8083/3243/files/02.11.0494_198_2_2.png?v=1758419420,https://cdn.shopify.com/s/files/1/0726/8083/3243/files/02.11.0494_198_3_3.png?v=1758419420,https://cdn.shopify.com/s/files/1/0726/8083/3243/files/02.11.0494_198_4_4.png?v=1758419420,https://cdn.shopify.com/s/files/1/0726/8083/3243/files/02.11.0494_198_5_5.png?v=1758419420,https://cdn.shopify.com/s/files/1/0726/8083/3243/files/02.11.0494_198_6_6.png?v=1758419420",,,,,,,,,0,Cores,White,0,1,White,Tamanhos,"XXS,XS,S,M,L,XL",0,1,XXS,,,,,,
,variation,8965823496411-1,Off-White Ipanema Embroidered  T-Shirt,1,0,visible,,,,,taxable,parent,1,,,,0,,,,,0,,,39,,,,,,,8965823496411,,,,,,1,Cores,White,,1,,Tamanhos,XXS,,1,,,,,,,
,variation,8965823496411-2,Off-White Ipanema Embroidered  T-Shirt,1,0,visible,,,,,taxable,parent,1,,,,0,,,,,0,,,39,,,,,,,8965823496411,,,,,,2,Cores,White,,1,,Tamanhos,XS,,1,,,,,,,
,variation,8965823496411-3,Off-White Ipanema Embroidered  T-Shirt,1,0,visible,,,,,taxable,parent,1,,,,0,,,,,0,,,39,,,,,,,8965823496411,,,,,,3,Cores,White,,1,,Tamanhos,S,,1,,,,,,,
,variation,8965823496411-4,Off-White Ipanema Embroidered  T-Shirt,1,0,visible,,,,,taxable,parent,1,,,,0,,,,,0,,,39,,,,,,,8965823496411,,,,,,4,Cores,White,,1,,Tamanhos,M,,1,,,,,,,
,variation,8965823496411-5,Off-White Ipanema Embroidered  T-Shirt,1,0,visible,,,,,taxable,parent,1,,,,0,,,,,0,,,39,,,,,,,8965823496411,,,,,,5,Cores,White,,1,,Tamanhos,L,,1,,,,,,,
,variation,8965823496411-6,Off-White Ipanema Embroidered  T-Shirt,1,0,visible,,,,,taxable,parent,1,,,,0,,,,,0,,,39,,,,,,,8965823496411,,,,,,6,Cores,White,,1,,Tamanhos,XL,,1,,,,,,,
,variable,9000709423323,"Off-White Silk ""Enjoy the Peace"" T-Shirt",1,0,visible,,"This off-white silk T-shirt features an elongated fit with a loose, relaxed silhouette. Perfect for casual days, it combines comfort with a positive message, offering both style and ease in one effortless piece. The wide-cut design makes it a versatile addition to any wardrobe.",,,taxable,,1,,,0,0,,,,,1,,,,Uncategorized,,,"https://cdn.shopify.com/s/files/1/0726/8083/3243/files/02.11.0455_198_1_1.png?v=1759156030,https://cdn.shopify.com/s/files/1/0726/8083/3243/files/02.11.0455_198_2_2.png?v=1759156030,https://cdn.shopify.com/s/files/1/0726/8083/3243/files/02.11.0455_198_3_3.png?v=1759156030,https://cdn.shopify.com/s/files/1/0726/8083/3243/files/02.11.0455_198_4_4.png?v=1759156030,https://cdn.shopify.com/s/files/1/0726/8083/3243/files/02.11.0455_198_5_5.png?v=1759156030,https://cdn.shopify.com/s/files/1/0726/8083/3243/files/02.11.0455_198_6_6.png?v=1759156030,https://cdn.shopify.com/s/files/1/0726/8083/3243/files/02.11.0455_198_7_7.png?v=1759156030,https://cdn.shopify.com/s/files/1/0726/8083/3243/files/02.11.0455_198_8_8.png?v=1759156030",,,,,,,,,0,Cores,Off White,0,1,Off White,Tamanhos,"XXS,XS,S,M,L",0,1,XXS,,,,,,
,variation,9000709423323-1,"Off-White Silk ""Enjoy the Peace"" T-Shirt",1,0,visible,,,,,taxable,parent,1,,,,0,,,,,0,,,24,,,,,,,9000709423323,,,,,,1,Cores,Off White,,1,,Tamanhos,XXS,,1,,,,,,,
,variation,9000709423323-2,"Off-White Silk ""Enjoy the Peace"" T-Shirt",1,0,visible,,,,,taxable,parent,1,,,,0,,,,,0,,,24,,,,,,,9000709423323,,,,,,2,Cores,Off White,,1,,Tamanhos,XS,,1,,,,,,,
,variation,9000709423323-3,"Off-White Silk ""Enjoy the Peace"" T-Shirt",1,0,visible,,,,,taxable,parent,1,,,,0,,,,,0,,,24,,,,,,,9000709423323,,,,,,3,Cores,Off White,,1,,Tamanhos,S,,1,,,,,,,
,variation,9000709423323-4,"Off-White Silk ""Enjoy the Peace"" T-Shirt",1,0,visible,,,,,taxable,parent,1,,,,0,,,,,0,,,24,,,,,,,9000709423323,,,,,,4,Cores,Off White,,1,,Tamanhos,M,,1,,,,,,,
,variation,9000709423323-5,"Off-White Silk ""Enjoy the Peace"" T-Shirt",1,0,visible,,,,,taxable,parent,1,,,,0,,,,,0,,,24,,,,,,,9000709423323,,,,,,5,Cores,Off White,,1,,Tamanhos,L,,1,,,,,,,
,variable,9000709456091,"Off-White Embroidered ""Piece and Quiet"" T-Shirt",1,0,visible,,"This off-white T-shirt features a simple design with a beautifully embroidered ""Piece and Quiet"" phrase. The relaxed fit offers comfort, while the subtle embroidery adds a touch of elegance, making it a versatile piece for everyday wear. Perfect for creating a chic and effortless look.",,,taxable,,1,,,0,0,,,,,1,,,,Uncategorized,,,"https://cdn.shopify.com/s/files/1/0726/8083/3243/files/02.11.0456_198_1_1.png?v=1759156059,https://cdn.shopify.com/s/files/1/0726/8083/3243/files/02.11.0456_198_2_2.png?v=1759156060,https://cdn.shopify.com/s/files/1/0726/8083/3243/files/02.11.0456_198_3_3.png?v=1759156059,https://cdn.shopify.com/s/files/1/0726/8083/3243/files/02.11.0456_198_4_4.png?v=1759156059,https://cdn.shopify.com/s/files/1/0726/8083/3243/files/02.11.0456_198_5_5.png?v=1759156059",,,,,,,,,0,Cores,Off White,0,1,Off White,Tamanhos,"XXS,XS,S,M,L",0,1,XXS,,,,,,
,variation,9000709456091-1,"Off-White Embroidered ""Piece and Quiet"" T-Shirt",1,0,visible,,,,,taxable,parent,1,,,,0,,,,,0,,,19,,,,,,,9000709456091,,,,,,1,Cores,Off White,,1,,Tamanhos,XXS,,1,,,,,,,
,variation,9000709456091-2,"Off-White Embroidered ""Piece and Quiet"" T-Shirt",1,0,visible,,,,,taxable,parent,1,,,,0,,,,,0,,,19,,,,,,,9000709456091,,,,,,2,Cores,Off White,,1,,Tamanhos,XS,,1,,,,,,,
,variation,9000709456091-3,"Off-White Embroidered ""Piece and Quiet"" T-Shirt",1,0,visible,,,,,taxable,parent,1,,,,0,,,,,0,,,19,,,,,,,9000709456091,,,,,,3,Cores,Off White,,1,,Tamanhos,S,,1,,,,,,,
,variation,9000709456091-4,"Off-White Embroidered ""Piece and Quiet"" T-Shirt",1,0,visible,,,,,taxable,parent,1,,,,0,,,,,0,,,19,,,,,,,9000709456091,,,,,,4,Cores,Off White,,1,,Tamanhos,M,,1,,,,,,,
,variation,9000709456091-5,"Off-White Embroidered ""Piece and Quiet"" T-Shirt",1,0,visible,,,,,taxable,parent,1,,,,0,,,,,0,,,19,,,,,,,9000709456091,,,,,,5,Cores,Off White,,1,,Tamanhos,L,,1,,,,,,,
,variable,9000709325019,"Off-White Silk ""Caffeine Club"" T-Shirt",1,0,visible,,"This off-white silk T-shirt features a localized blue print with sun and waves motifs. With its loose, relaxed fit, this shirt offers both comfort and style, perfect for casual days. The vibrant design and airy feel make it a chic addition to your everyday wardrobe.",,,taxable,,1,,,0,0,,,,,1,,,,Uncategorized,,,"https://cdn.shopify.com/s/files/1/0726/8083/3243/files/02.11.0454_198_1_1.png?v=1759156019,https://cdn.shopify.com/s/files/1/0726/8083/3243/files/02.11.0454_198_2_2.png?v=1759156019,https://cdn.shopify.com/s/files/1/0726/8083/3243/files/02.11.0454_198_3_3.png?v=1759156019,https://cdn.shopify.com/s/files/1/0726/8083/3243/files/02.11.0454_198_4_4.png?v=1759156019,https://cdn.shopify.com/s/files/1/0726/8083/3243/files/02.11.0454_198_5_5.png?v=1759156019,https://cdn.shopify.com/s/files/1/0726/8083/3243/files/02.11.0454_198_6_6.png?v=1759156019",,,,,,,,,0,Cores,Off White,0,1,Off White,Tamanhos,"XXS,XS,S,M,L",0,1,XXS,,,,,,
,variation,9000709325019-1,"Off-White Silk ""Caffeine Club"" T-Shirt",1,0,visible,,,,,taxable,parent,1,,,,0,,,,,0,,,24,,,,,,,9000709325019,,,,,,1,Cores,Off White,,1,,Tamanhos,XXS,,1,,,,,,,
,variation,9000709325019-2,"Off-White Silk ""Caffeine Club"" T-Shirt",1,0,visible,,,,,taxable,parent,1,,,,0,,,,,0,,,24,,,,,,,9000709325019,,,,,,2,Cores,Off White,,1,,Tamanhos,XS,,1,,,,,,,
,variation,9000709325019-3,"Off-White Silk ""Caffeine Club"" T-Shirt",1,0,visible,,,,,taxable,parent,1,,,,0,,,,,0,,,24,,,,,,,9000709325019,,,,,,3,Cores,Off White,,1,,Tamanhos,S,,1,,,,,,,
,variation,9000709325019-4,"Off-White Silk ""Caffeine Club"" T-Shirt",1,0,visible,,,,,taxable,parent,1,,,,0,,,,,0,,,24,,,,,,,9000709325019,,,,,,4,Cores,Off White,,1,,Tamanhos,M,,1,,,,,,,
,variation,9000709325019-5,"Off-White Silk ""Caffeine Club"" T-Shirt",1,0,visible,,,,,taxable,parent,1,,,,0,,,,,0,,,24,,,,,,,9000709325019,,,,,,5,Cores,Off White,,1,,Tamanhos,L,,1,,,,,,,
,variable,9000709619931,"Brown Silk ""Dreams"" T-Shirt",1,0,visible,,"This Cupuaçu brown silk T-shirt features a localized blue print with sun and waves motifs. With its loose, relaxed fit, this T-shirt offers a comfortable, breezy feel perfect for casual days. The wide silhouette adds an effortlessly chic touch to your wardrobe.",,,taxable,,1,,,0,0,,,,,1,,,,Uncategorized,,,"https://cdn.shopify.com/s/files/1/0726/8083/3243/files/02.11.0463_2326_1_1.png?v=1759156117,https://cdn.shopify.com/s/files/1/0726/8083/3243/files/02.11.0463_2326_2_2.png?v=1759156117,https://cdn.shopify.com/s/files/1/0726/8083/3243/files/02.11.0463_2326_3_3.png?v=1759156117,https://cdn.shopify.com/s/files/1/0726/8083/3243/files/02.11.0463_2326_4_4.png?v=1759156118,https://cdn.shopify.com/s/files/1/0726/8083/3243/files/02.11.0463_2326_5_5.png?v=1759156117,https://cdn.shopify.com/s/files/1/0726/8083/3243/files/02.11.0463_2326_6_6.png?v=1759156117",,,,,,,,,0,Cores,Cupuacu Brown,0,1,Cupuacu Brown,Tamanhos,"XXS,XS,S,M,L",0,1,XXS,,,,,,
,variation,9000709619931-1,"Brown Silk ""Dreams"" T-Shirt",1,0,visible,,,,,taxable,parent,1,,,,0,,,,,0,,,24,,,,,,,9000709619931,,,,,,1,Cores,Cupuacu Brown,,1,,Tamanhos,XXS,,1,,,,,,,
,variation,9000709619931-2,"Brown Silk ""Dreams"" T-Shirt",1,0,visible,,,,,taxable,parent,1,,,,0,,,,,0,,,24,,,,,,,9000709619931,,,,,,2,Cores,Cupuacu Brown,,1,,Tamanhos,XS,,1,,,,,,,
,variation,9000709619931-3,"Brown Silk ""Dreams"" T-Shirt",1,0,visible,,,,,taxable,parent,1,,,,0,,,,,0,,,24,,,,,,,9000709619931,,,,,,3,Cores,Cupuacu Brown,,1,,Tamanhos,S,,1,,,,,,,
,variation,9000709619931-4,"Brown Silk ""Dreams"" T-Shirt",1,0,visible,,,,,taxable,parent,1,,,,0,,,,,0,,,24,,,,,,,9000709619931,,,,,,4,Cores,Cupuacu Brown,,1,,Tamanhos,M,,1,,,,,,,
,variation,9000709619931-5,"Brown Silk ""Dreams"" T-Shirt",1,0,visible,,,,,taxable,parent,1,,,,0,,,,,0,,,24,,,,,,,9000709619931,,,,,,5,Cores,Cupuacu Brown,,1,,Tamanhos,L,,1,,,,,,,
,variable,8965801083099,Azul Arpoador High Neck Pleat Sleeveless Crop T-Shirt,1,0,visible,,"""The best bet for any solar season. Our Azul Arpoador High Neck Pleat Sleeveless Crop T-Shirt features a high collar, dropped shoulders with pleats, a loose fit, a cropped length, and 100% cotton design, making it lightweight, durable, and soft to the touch. Caring for 100% cotton pieces is essential to maintaining their quality and beauty. Here are some simple tips: - GENTLE WASHING: wash your clothes on a gentle cycle, with cold or warm water, to prevent shrinkage and preserve colors. - NATURAL DRYING: avoid the dryer by hanging clothes outside or on a clothesline to dry naturally. - AVOID BLEACHES: harsh products can weaken fibers and fade colors. Use mild detergents. - PROPER STORAGE: store clothes in well-ventilated areas, away from direct sunlight, and hang them flat to prevent wrinkles. Choosing 100% cotton styles means opting for comfort, durability, and sustainability. With proper care, your pieces will remain beautiful and comfortable for many years to come.""",,,taxable,,1,,,0,0,,,,,1,,,,Uncategorized,,,"https://cdn.shopify.com/s/files/1/0726/8083/3243/files/02082996_2337_1-BLUSA-PREGA-OMBROS.png?v=1755136657,https://cdn.shopify.com/s/files/1/0726/8083/3243/files/02082996_2337_2-BLUSA-PREGA-OMBROS.png?v=1755136657,https://cdn.shopify.com/s/files/1/0726/8083/3243/files/02082996_2337_3-BLUSA-PREGA-OMBROS.png?v=1755136657,https://cdn.shopify.com/s/files/1/0726/8083/3243/files/02082996_2337_4-BLUSA-PREGA-OMBROS.png?v=1755136657,https://cdn.shopify.com/s/files/1/0726/8083/3243/files/02082996_2337_5-BLUSA-PREGA-OMBROS.png?v=1755136657,https://cdn.shopify.com/s/files/1/0726/8083/3243/files/02082996_2337_6-BLUSA-PREGA-OMBROS.png?v=1755136657",,,,,,,,,0,Cores,Arpoador Blue,0,1,Arpoador Blue,Tamanhos,"XS,S,M,L,XL",0,1,XS,,,,,,
,variation,8965801083099-1,Azul Arpoador High Neck Pleat Sleeveless Crop T-Shirt,1,0,visible,,,,,taxable,parent,1,,,,0,,,,,0,,,39,,,,,,,8965801083099,,,,,,1,Cores,Arpoador Blue,,1,,Tamanhos,XS,,1,,,,,,,
,variation,8965801083099-2,Azul Arpoador High Neck Pleat Sleeveless Crop T-Shirt,1,0,visible,,,,,taxable,parent,1,,,,0,,,,,0,,,39,,,,,,,8965801083099,,,,,,2,Cores,Arpoador Blue,,1,,Tamanhos,S,,1,,,,,,,
,variation,8965801083099-3,Azul Arpoador High Neck Pleat Sleeveless Crop T-Shirt,1,0,visible,,,,,taxable,parent,1,,,,0,,,,,0,,,39,,,,,,,8965801083099,,,,,,3,Cores,Arpoador Blue,,1,,Tamanhos,M,,1,,,,,,,
,variation,8965801083099-4,Azul Arpoador High Neck Pleat Sleeveless Crop T-Shirt,1,0,visible,,,,,taxable,parent,1,,,,0,,,,,0,,,39,,,,,,,8965801083099,,,,,,4,Cores,Arpoador Blue,,1,,Tamanhos,L,,1,,,,,,,
,variation,8965801083099-5,Azul Arpoador High Neck Pleat Sleeveless Crop T-Shirt,1,0,visible,,,,,taxable,parent,1,,,,0,,,,,0,,,39,,,,,,,8965801083099,,,,,,5,Cores,Arpoador Blue,,1,,Tamanhos,XL,,1,,,,,,,
,variable,8965800984795,Brown Caffeine Crew Neck Ribbed Sleeveless T-Shirt,1,0,visible,,"""The Brown Caffeine Crew Neck Ribbed Sleeveless T-Shirt is perfect for creating a variety of outfits. It features a cropped length, a crew neck, a yoke, and is sustainably produced. Caring for 100% cotton pieces is essential to maintaining their quality and beauty. Here are some simple tips: - GENTLE WASHING: wash your clothes on a gentle cycle, with cold or warm water, to prevent shrinkage and preserve colors. - NATURAL DRYING: avoid the dryer by hanging clothes outside or on a clothesline to dry naturally. - AVOID BLEACHES: harsh products can weaken fibers and fade colors. Use mild detergents. - PROPER STORAGE: store clothes in well-ventilated areas, away from direct sunlight, and hang them flat to prevent wrinkles. Choosing 100% cotton styles means opting for comfort, durability, and sustainability. With proper care, your pieces will remain beautiful and comfortable for many years to come.""",,,taxable,,1,,,0,0,,,,,1,,,,Uncategorized,,,"https://cdn.shopify.com/s/files/1/0726/8083/3243/files/02082995_2345_1-BLUSA-MALHA-COM-RIB.png?v=1755136640,https://cdn.shopify.com/s/files/1/0726/8083/3243/files/02082995_2345_2-BLUSA-MALHA-COM-RIB.png?v=1755136641,https://cdn.shopify.com/s/files/1/0726/8083/3243/files/02082995_2345_3-BLUSA-MALHA-COM-RIB.png?v=1755136641,https://cdn.shopify.com/s/files/1/0726/8083/3243/files/02082995_2345_4-BLUSA-MALHA-COM-RIB.png?v=1755136640,https://cdn.shopify.com/s/files/1/0726/8083/3243/files/02082995_2345_5-BLUSA-MALHA-COM-RIB.png?v=1755136641,https://cdn.shopify.com/s/files/1/0726/8083/3243/files/02082995_2345_6-BLUSA-MALHA-COM-RIB.png?v=1755136640,https://cdn.shopify.com/s/files/1/0726/8083/3243/files/02082995_2345_7-BLUSA-MALHA-COM-RIB.png?v=1755136641",,,,,,,,,0,Cores,Caffeine Brown,0,1,Caffeine Brown,Tamanhos,"XS,S,M,L,XL",0,1,XS,,,,,,
,variation,8965800984795-1,Brown Caffeine Crew Neck Ribbed Sleeveless T-Shirt,1,0,visible,,,,,taxable,parent,1,,,,0,,,,,0,,,29,,,,,,,8965800984795,,,,,,1,Cores,Caffeine Brown,,1,,Tamanhos,XS,,1,,,,,,,
,variation,8965800984795-2,Brown Caffeine Crew Neck Ribbed Sleeveless T-Shirt,1,0,visible,,,,,taxable,parent,1,,,,0,,,,,0,,,29,,,,,,,8965800984795,,,,,,2,Cores,Caffeine Brown,,1,,Tamanhos,S,,1,,,,,,,
,variation,8965800984795-3,Brown Caffeine Crew Neck Ribbed Sleeveless T-Shirt,1,0,visible,,,,,taxable,parent,1,,,,0,,,,,0,,,29,,,,,,,8965800984795,,,,,,3,Cores,Caffeine Brown,,1,,Tamanhos,M,,1,,,,,,,
,variation,8965800984795-4,Brown Caffeine Crew Neck Ribbed Sleeveless T-Shirt,1,0,visible,,,,,taxable,parent,1,,,,0,,,,,0,,,29,,,,,,,8965800984795,,,,,,4,Cores,Caffeine Brown,,1,,Tamanhos,L,,1,,,,,,,
,variation,8965800984795-5,Brown Caffeine Crew Neck Ribbed Sleeveless T-Shirt,1,0,visible,,,,,taxable,parent,1,,,,0,,,,,0,,,29,,,,,,,8965800984795,,,,,,5,Cores,Caffeine Brown,,1,,Tamanhos,XL,,1,,,,,,,
,variable,8965800984795,Brown Caffeine Crew Neck Ribbed Sleeveless T-Shirt,1,0,visible,,"""The Brown Caffeine Crew Neck Ribbed Sleeveless T-Shirt is perfect for creating a variety of outfits. It features a cropped length, a crew neck, a yoke, and is sustainably produced. Caring for 100% cotton pieces is essential to maintaining their quality and beauty. Here are some simple tips: - GENTLE WASHING: wash your clothes on a gentle cycle, with cold or warm water, to prevent shrinkage and preserve colors. - NATURAL DRYING: avoid the dryer by hanging clothes outside or on a clothesline to dry naturally. - AVOID BLEACHES: harsh products can weaken fibers and fade colors. Use mild detergents. - PROPER STORAGE: store clothes in well-ventilated areas, away from direct sunlight, and hang them flat to prevent wrinkles. Choosing 100% cotton styles means opting for comfort, durability, and sustainability. With proper care, your pieces will remain beautiful and comfortable for many years to come.""",,,taxable,,1,,,0,0,,,,,1,,,,Uncategorized,,,"https://cdn.shopify.com/s/files/1/0726/8083/3243/files/02082995_2345_1-BLUSA-MALHA-COM-RIB.png?v=1755136640,https://cdn.shopify.com/s/files/1/0726/8083/3243/files/02082995_2345_2-BLUSA-MALHA-COM-RIB.png?v=1755136641,https://cdn.shopify.com/s/files/1/0726/8083/3243/files/02082995_2345_3-BLUSA-MALHA-COM-RIB.png?v=1755136641,https://cdn.shopify.com/s/files/1/0726/8083/3243/files/02082995_2345_4-BLUSA-MALHA-COM-RIB.png?v=1755136640,https://cdn.shopify.com/s/files/1/0726/8083/3243/files/02082995_2345_5-BLUSA-MALHA-COM-RIB.png?v=1755136641,https://cdn.shopify.com/s/files/1/0726/8083/3243/files/02082995_2345_6-BLUSA-MALHA-COM-RIB.png?v=1755136640,https://cdn.shopify.com/s/files/1/0726/8083/3243/files/02082995_2345_7-BLUSA-MALHA-COM-RIB.png?v=1755136641",,,,,,,,,0,Cores,Caffeine Brown,0,1,Caffeine Brown,Tamanhos,"XS,S,M,L,XL",0,1,XS,,,,,,
,variation,8965800984795-1,Brown Caffeine Crew Neck Ribbed Sleeveless T-Shirt,1,0,visible,,,,,taxable,parent,1,,,,0,,,,,0,,,29,,,,,,,8965800984795,,,,,,1,Cores,Caffeine Brown,,1,,Tamanhos,XS,,1,,,,,,,
,variation,8965800984795-2,Brown Caffeine Crew Neck Ribbed Sleeveless T-Shirt,1,0,visible,,,,,taxable,parent,1,,,,0,,,,,0,,,29,,,,,,,8965800984795,,,,,,2,Cores,Caffeine Brown,,1,,Tamanhos,S,,1,,,,,,,
,variation,8965800984795-3,Brown Caffeine Crew Neck Ribbed Sleeveless T-Shirt,1,0,visible,,,,,taxable,parent,1,,,,0,,,,,0,,,29,,,,,,,8965800984795,,,,,,3,Cores,Caffeine Brown,,1,,Tamanhos,M,,1,,,,,,,
,variation,8965800984795-4,Brown Caffeine Crew Neck Ribbed Sleeveless T-Shirt,1,0,visible,,,,,taxable,parent,1,,,,0,,,,,0,,,29,,,,,,,8965800984795,,,,,,4,Cores,Caffeine Brown,,1,,Tamanhos,L,,1,,,,,,,
,variation,8965800984795-5,Brown Caffeine Crew Neck Ribbed Sleeveless T-Shirt,1,0,visible,,,,,taxable,parent,1,,,,0,,,,,0,,,29,,,,,,,8965800984795,,,,,,5,Cores,Caffeine Brown,,1,,Tamanhos,XL,,1,,,,,,,
,variable,8965800919259,Off-White Crew Neck Ribbed Sleeveless T-Shirt,1,0,visible,,"""The Off-White Crew Neck Ribbed Sleeveless T-Shirt is perfect for creating a variety of outfits. It features a cropped length, a crew neck, a yoke, and is sustainably produced. Caring for 100% cotton pieces is essential to maintaining their quality and beauty. Here are some simple tips: - GENTLE WASHING: wash your clothes on a gentle cycle, with cold or warm water, to prevent shrinkage and preserve colors. - NATURAL DRYING: avoid the dryer by hanging clothes outside or on a clothesline to dry naturally. - AVOID BLEACHES: harsh products can weaken fibers and fade colors. Use mild detergents. - PROPER STORAGE: store clothes in well-ventilated areas, away from direct sunlight, and hang them flat to prevent wrinkles. Choosing 100% cotton styles means opting for comfort, durability, and sustainability. With proper care, your pieces will remain beautiful and comfortable for many years to come.""",,,taxable,,1,,,0,0,,,,,1,,,,Uncategorized,,,"https://cdn.shopify.com/s/files/1/0726/8083/3243/files/02082995_198_1-BLUSA-MALHA-COM-RIB.png?v=1755136635,https://cdn.shopify.com/s/files/1/0726/8083/3243/files/02082995_198_2-BLUSA-MALHA-COM-RIB.png?v=1755136635,https://cdn.shopify.com/s/files/1/0726/8083/3243/files/02082995_198_3-BLUSA-MALHA-COM-RIB.png?v=1755136635,https://cdn.shopify.com/s/files/1/0726/8083/3243/files/02082995_198_4-BLUSA-MALHA-COM-RIB.png?v=1755136635,https://cdn.shopify.com/s/files/1/0726/8083/3243/files/02082995_198_5-BLUSA-MALHA-COM-RIB.png?v=1755136635,https://cdn.shopify.com/s/files/1/0726/8083/3243/files/02082995_198_6-BLUSA-MALHA-COM-RIB.png?v=1755136634,https://cdn.shopify.com/s/files/1/0726/8083/3243/files/02082995_198_7-BLUSA-MALHA-COM-RIB.png?v=1755136636",,,,,,,,,0,Cores,Off-white,0,1,Off-white,Tamanhos,"XS,S,M,L,XL",0,1,XS,,,,,,
,variation,8965800919259-1,Off-White Crew Neck Ribbed Sleeveless T-Shirt,1,0,visible,,,,,taxable,parent,1,,,,0,,,,,0,,,29,,,,,,,8965800919259,,,,,,1,Cores,Off-white,,1,,Tamanhos,XS,,1,,,,,,,
,variation,8965800919259-2,Off-White Crew Neck Ribbed Sleeveless T-Shirt,1,0,visible,,,,,taxable,parent,1,,,,0,,,,,0,,,29,,,,,,,8965800919259,,,,,,2,Cores,Off-white,,1,,Tamanhos,S,,1,,,,,,,
,variation,8965800919259-3,Off-White Crew Neck Ribbed Sleeveless T-Shirt,1,0,visible,,,,,taxable,parent,1,,,,0,,,,,0,,,29,,,,,,,8965800919259,,,,,,3,Cores,Off-white,,1,,Tamanhos,M,,1,,,,,,,
,variation,8965800919259-4,Off-White Crew Neck Ribbed Sleeveless T-Shirt,1,0,visible,,,,,taxable,parent,1,,,,0,,,,,0,,,29,,,,,,,8965800919259,,,,,,4,Cores,Off-white,,1,,Tamanhos,L,,1,,,,,,,
,variation,8965800919259-5,Off-White Crew Neck Ribbed Sleeveless T-Shirt,1,0,visible,,,,,taxable,parent,1,,,,0,,,,,0,,,29,,,,,,,8965800919259,,,,,,5,Cores,Off-white,,1,,Tamanhos,XL,,1,,,,,,,
,variable,8965801017563,Black Crew Neck Ribbed Sleeveless T-Shirt,1,0,visible,,"""The Black Crew Neck Ribbed Sleeveless T-Shirt is perfect for creating a variety of outfits. It features a cropped length, a crew neck, a yoke, and is sustainably produced. Caring for 100% cotton pieces is essential to maintaining their quality and beauty. Here are some simple tips: - GENTLE WASHING: wash your clothes on a gentle cycle, with cold or warm water, to prevent shrinkage and preserve colors. - NATURAL DRYING: avoid the dryer by hanging clothes outside or on a clothesline to dry naturally. - AVOID BLEACHES: harsh products can weaken fibers and fade colors. Use mild detergents. - PROPER STORAGE: store clothes in well-ventilated areas, away from direct sunlight, and hang them flat to prevent wrinkles. Choosing 100% cotton styles means opting for comfort, durability, and sustainability. With proper care, your pieces will remain beautiful and comfortable for many years to come.""",,,taxable,,1,,,0,0,,,,,1,,,,Uncategorized,,,"https://cdn.shopify.com/s/files/1/0726/8083/3243/files/02082995_468_1-BLUSA-MALHA-COM-RIB.png?v=1755136646,https://cdn.shopify.com/s/files/1/0726/8083/3243/files/02082995_468_2-BLUSA-MALHA-COM-RIB.png?v=1755136646,https://cdn.shopify.com/s/files/1/0726/8083/3243/files/02082995_468_3-BLUSA-MALHA-COM-RIB.png?v=1755136646,https://cdn.shopify.com/s/files/1/0726/8083/3243/files/02082995_468_4-BLUSA-MALHA-COM-RIB.png?v=1755136646,https://cdn.shopify.com/s/files/1/0726/8083/3243/files/02082995_468_5-BLUSA-MALHA-COM-RIB.png?v=1755136646,https://cdn.shopify.com/s/files/1/0726/8083/3243/files/02082995_468_6-BLUSA-MALHA-COM-RIB.png?v=1755136646,https://cdn.shopify.com/s/files/1/0726/8083/3243/files/02082995_468_7-BLUSA-MALHA-COM-RIB.png?v=1755136647",,,,,,,,,0,Cores,Black,0,1,Black,Tamanhos,"XS,S,M,L,XL",0,1,XS,,,,,,
,variation,8965801017563-1,Black Crew Neck Ribbed Sleeveless T-Shirt,1,0,visible,,,,,taxable,parent,1,,,,0,,,,,0,,,29,,,,,,,8965801017563,,,,,,1,Cores,Black,,1,,Tamanhos,XS,,1,,,,,,,
,variation,8965801017563-2,Black Crew Neck Ribbed Sleeveless T-Shirt,1,0,visible,,,,,taxable,parent,1,,,,0,,,,,0,,,29,,,,,,,8965801017563,,,,,,2,Cores,Black,,1,,Tamanhos,S,,1,,,,,,,
,variation,8965801017563-3,Black Crew Neck Ribbed Sleeveless T-Shirt,1,0,visible,,,,,taxable,parent,1,,,,0,,,,,0,,,29,,,,,,,8965801017563,,,,,,3,Cores,Black,,1,,Tamanhos,M,,1,,,,,,,
,variation,8965801017563-4,Black Crew Neck Ribbed Sleeveless T-Shirt,1,0,visible,,,,,taxable,parent,1,,,,0,,,,,0,,,29,,,,,,,8965801017563,,,,,,4,Cores,Black,,1,,Tamanhos,L,,1,,,,,,,
,variation,8965801017563-5,Black Crew Neck Ribbed Sleeveless T-Shirt,1,0,visible,,,,,taxable,parent,1,,,,0,,,,,0,,,29,,,,,,,8965801017563,,,,,,5,Cores,Black,,1,,Tamanhos,XL,,1,,,,,,,
,variable,8965801345243,Orange Samba V Neck Short Sleeve T-Shirt,1,0,visible,,"Ideal for everyday adventures. The basic Orange Samba V Neck Short Sleeve T-Shirt has a regular length, short sleeves, and a V-neck. Invest! in the coolest piece!",,,taxable,,1,,,0,0,,,,,1,,,,Uncategorized,,,"https://cdn.shopify.com/s/files/1/0726/8083/3243/files/02083015_2335_1-T-SHIRT-BASICA-DECOTE-V.png?v=1755136701,https://cdn.shopify.com/s/files/1/0726/8083/3243/files/02083015_2335_2-T-SHIRT-BASICA-DECOTE-V.png?v=1755136701,https://cdn.shopify.com/s/files/1/0726/8083/3243/files/02083015_2335_3-T-SHIRT-BASICA-DECOTE-V.png?v=1755136701,https://cdn.shopify.com/s/files/1/0726/8083/3243/files/02083015_2335_4-T-SHIRT-BASICA-DECOTE-V.png?v=1755136701,https://cdn.shopify.com/s/files/1/0726/8083/3243/files/02083015_2335_5-T-SHIRT-BASICA-DECOTE-V.png?v=1755136701",,,,,,,,,0,Cores,Samba Orange,0,1,Samba Orange,Tamanhos,"XS,S,M,L,XL",0,1,XS,,,,,,
,variation,8965801345243-1,Orange Samba V Neck Short Sleeve T-Shirt,1,0,visible,,,,,taxable,parent,1,,,,0,,,,,0,,,24,,,,,,,8965801345243,,,,,,1,Cores,Samba Orange,,1,,Tamanhos,XS,,1,,,,,,,
,variation,8965801345243-2,Orange Samba V Neck Short Sleeve T-Shirt,1,0,visible,,,,,taxable,parent,1,,,,0,,,,,0,,,24,,,,,,,8965801345243,,,,,,2,Cores,Samba Orange,,1,,Tamanhos,S,,1,,,,,,,
,variation,8965801345243-3,Orange Samba V Neck Short Sleeve T-Shirt,1,0,visible,,,,,taxable,parent,1,,,,0,,,,,0,,,24,,,,,,,8965801345243,,,,,,3,Cores,Samba Orange,,1,,Tamanhos,M,,1,,,,,,,
,variation,8965801345243-4,Orange Samba V Neck Short Sleeve T-Shirt,1,0,visible,,,,,taxable,parent,1,,,,0,,,,,0,,,24,,,,,,,8965801345243,,,,,,4,Cores,Samba Orange,,1,,Tamanhos,L,,1,,,,,,,
,variation,8965801345243-5,Orange Samba V Neck Short Sleeve T-Shirt,1,0,visible,,,,,taxable,parent,1,,,,0,,,,,0,,,24,,,,,,,8965801345243,,,,,,5,Cores,Samba Orange,,1,,Tamanhos,XL,,1,,,,,,,
